"Station","Flow_Type","PEARSEDA","PERSEDA_CODE","StationName","Prov","Latitude","Longitude","DrainageArea","Years","From","To","Reg.","OperSched","Operator"
"01AF002","Normal","Saint John - St. Croix",23,"SAINT JOHN RIVER AT GRAND FALLS","NB",47.03889,-67.73972,21900,90,1930,2019,TRUE,"Continuous","WATER SURVEY OF CANADA (DOE) (CANADA)"
"01AG003","Normal","Saint John - St. Croix",23,"AROOSTOOK RIVER NEAR TINKER","NB",46.81636,-67.75197,6060,44,1975,2018,TRUE,"Continuous","WATER SURVEY OF CANADA (DOE) (CANADA)"
"01AH002","High","Saint John - St. Croix",23,"TOBIQUE RIVER AT RILEY BROOK","NB",47.17303,-67.21081,2230,66,1954,2019,TRUE,"Continuous","WATER SURVEY OF CANADA (DOE) (CANADA)"
"01AJ003","Normal","Saint John - St. Croix",23,"MEDUXNEKEAG RIVER NEAR BELLEVILLE","NB",46.21622,-67.72794,1210,53,1967,2019,FALSE,"Continuous","WATER SURVEY OF CANADA (DOE) (CANADA)"
"01AJ004","Normal","Saint John - St. Croix",23,"BIG PRESQUE ISLE STREAM AT TRACEY MILLS","NB",46.43836,-67.73844,484,53,1967,2019,FALSE,"Continuous","WATER SURVEY OF CANADA (DOE) (CANADA)"
"01AJ010","Normal","Saint John - St. Croix",23,"BECAGUIMEC STREAM AT COLDSTREAM","NB",46.34089,-67.46511,350,46,1973,2018,FALSE,"Continuous","WATER SURVEY OF CANADA (DOE) (CANADA)"
"01AK001","Normal","Saint John - St. Croix",23,"SHOGOMOC STREAM NEAR TRANS CANADA HIGHWAY","NB",45.94353,-67.32036,234,100,1918,2018,FALSE,"Continuous","WATER SURVEY OF CANADA (DOE) (CANADA)"
"01AK006","Normal","Saint John - St. Croix",23,"MIDDLE BRANCH NASHWAAKSIS STREAM AT SANDWITH'S FARM","NB",46.08281,-66.73303,5.7,53,1966,2018,FALSE,"Continuous","WATER SURVEY OF CANADA (DOE) (CANADA)"
"01AK007","Normal","Saint John - St. Croix",23,"NACKAWIC STREAM NEAR TEMPERANCE VALE","NB",46.04878,-67.23961,240,52,1967,2018,FALSE,"Continuous","WATER SURVEY OF CANADA (DOE) (CANADA)"
"01AL002","Normal","Saint John - St. Croix",23,"NASHWAAK RIVER AT DURHAM BRIDGE","NB",46.12592,-66.61131,1450,58,1962,2019,FALSE,"Continuous","WATER SURVEY OF CANADA (DOE) (CANADA)"
"01AM001","Normal","Saint John - St. Croix",23,"NORTH BRANCH OROMOCTO RIVER AT TRACY","NB",45.67378,-66.68289,557,57,1962,2018,FALSE,"Continuous","WATER SURVEY OF CANADA (DOE) (CANADA)"
"01AN002","High","Saint John - St. Croix",23,"SALMON RIVER AT CASTAWAY","NB",46.29072,-65.72275,1050,45,1974,2018,FALSE,"Continuous","WATER SURVEY OF CANADA (DOE) (CANADA)"
"01AP002","Normal","Saint John - St. Croix",23,"CANAAN RIVER AT EAST CANAAN","NB",46.07236,-65.36639,668,75,1925,2019,FALSE,"Continuous","WATER SURVEY OF CANADA (DOE) (CANADA)"
"01AP004","Normal","Saint John - St. Croix",23,"KENNEBECASIS RIVER AT APOHAQUI","NB",45.70139,-65.60169,1100,59,1961,2019,FALSE,"Continuous","WATER SURVEY OF CANADA (DOE) (CANADA)"
"01AQ001","Normal","Saint John - St. Croix",23,"LEPREAU RIVER AT LEPREAU","NB",45.16978,-66.46828,239,104,1916,2019,FALSE,"Continuous","WATER SURVEY OF CANADA (DOE) (CANADA)"
"01AQ002","Normal","Saint John - St. Croix",23,"MAGAGUADAVIC RIVER AT ELMCROFT","NB",45.27333,-66.80667,1420,94,1917,2019,TRUE,"Continuous","WATER SURVEY OF CANADA (DOE) (CANADA)"
"01AR005","Normal","Saint John - St. Croix",23,"ST. CROIX RIVER AT BARING","ME",45.13667,-67.31806,3550,45,1975,2019,TRUE,"Continuous","UNITED STATES GEOLOGICAL SURVEY"
"01AR006","Normal","Saint John - St. Croix",23,"DENNIS STREAM NEAR ST. STEPHEN","NB",45.20903,-67.26215,115,54,1966,2019,TRUE,"Continuous","WATER SURVEY OF CANADA (DOE) (CANADA)"
"01BG005","Normal","Maritime Coastal",24,"CASCAPEDIA (RIVIERE) EN AVAL DU RUISSEAU BERRY","QC",48.62833,-66.16806,1680,43,1978,2020,FALSE,"Continuous","MINISTERE DE L'ENVIRONNEMENT DU QUEBEC"
"01BG009","Normal","Maritime Coastal",24,"BONAVENTURE (RIVIERE) EN AMONT DU RUISSEAU CREUX","QC",48.18611,-65.55861,1910,39,1982,2020,FALSE,"Continuous","MINISTERE DE L'ENVIRONNEMENT DU QUEBEC"
"01BJ003","High","Maritime Coastal",24,"JACQUET RIVER NEAR DURHAM CENTRE","NB",47.89381,-66.02522,510,55,1964,2018,FALSE,"Continuous","WATER SURVEY OF CANADA (DOE) (CANADA)"
"01BJ007","High","Maritime Coastal",24,"RESTIGOUCHE RIVER ABOVE RAFTING GROUND BROOK","NB",47.90867,-66.94806,7740,52,1968,2019,FALSE,"Continuous","WATER SURVEY OF CANADA (DOE) (CANADA)"
"01BJ010","High","Maritime Coastal",24,"MIDDLE RIVER NEAR BATHURST","NB",47.60839,-65.72181,217,38,1981,2018,FALSE,"Continuous","WATER SURVEY OF CANADA (DOE) (CANADA)"
"01BJ012","Normal","Maritime Coastal",24,"EEL RIVER NEAR DUNDEE","NB",47.98789,-66.49061,43.2,35,1984,2018,FALSE,"Continuous","WATER SURVEY OF CANADA (DOE) (CANADA)"
"01BL002","Normal","Maritime Coastal",24,"RIVIERE CARAQUET AT BURNSVILLE","NB",47.70561,-65.15539,173,50,1969,2018,FALSE,"Continuous","WATER SURVEY OF CANADA (DOE) (CANADA)"
"01BL003","High","Maritime Coastal",24,"BIG TRACADIE RIVER AT MURCHY BRIDGE CROSSING","NB",47.43578,-65.10606,383,49,1970,2018,FALSE,"Continuous","WATER SURVEY OF CANADA (DOE) (CANADA)"
"01BO001","High","Maritime Coastal",24,"SOUTHWEST MIRAMICHI RIVER AT BLACKVILLE","NB",46.736,-65.82561,5050,77,1918,2019,FALSE,"Continuous","WATER SURVEY OF CANADA (DOE) (CANADA)"
"01BP001","High","Maritime Coastal",24,"LITTLE SOUTHWEST MIRAMICHI RIVER AT LYTTLETON","NB",46.93597,-65.90739,1340,69,1951,2019,FALSE,"Continuous","WATER SURVEY OF CANADA (DOE) (CANADA)"
"01BQ001","High","Maritime Coastal",24,"NORTHWEST MIRAMICHI RIVER AT TROUT BROOK","NB",47.09475,-65.8365,948,59,1961,2019,FALSE,"Continuous","WATER SURVEY OF CANADA (DOE) (CANADA)"
"01BS001","Normal","Maritime Coastal",24,"COAL BRANCH RIVER AT BEERSVILLE","NB",46.44394,-65.06494,166,56,1964,2019,FALSE,"Continuous","WATER SURVEY OF CANADA (DOE) (CANADA)"
"01BU002","Normal","Maritime Coastal",24,"PETITCODIAC RIVER NEAR PETITCODIAC","NB",45.94639,-65.16819,391,59,1961,2019,FALSE,"Continuous","WATER SURVEY OF CANADA (DOE) (CANADA)"
"01BU003","Normal","Maritime Coastal",24,"TURTLE CREEK AT TURTLE CREEK","NB",45.9595,-64.878,129,49,1962,2010,FALSE,"Continuous","WATER SURVEY OF CANADA (DOE) (CANADA)"
"01BV006","Normal","Maritime Coastal",24,"POINT WOLFE RIVER AT FUNDY NATIONAL PARK","NB",45.55856,-65.01597,130,56,1964,2019,FALSE,"Continuous","WATER SURVEY OF CANADA (DOE) (CANADA)"
"01CA003","Normal","Maritime Coastal",24,"CARRUTHERS BROOK NEAR ST. ANTHONY","PE",46.74411,-64.187,46.8,59,1961,2019,FALSE,"Continuous","WATER SURVEY OF CANADA (DOE) (CANADA)"
"01CB002","Normal","Maritime Coastal",24,"DUNK RIVER AT WALL ROAD","PE",46.34586,-63.63333,114,59,1961,2019,TRUE,"Continuous","WATER SURVEY OF CANADA (DOE) (CANADA)"
"01CB004","Normal","Maritime Coastal",24,"WILMOT RIVER NEAR WILMOT VALLEY","PE",46.39331,-63.65939,45.4,48,1972,2019,TRUE,"Continuous","WATER SURVEY OF CANADA (DOE) (CANADA)"
"01CC002","Normal","Maritime Coastal",24,"WINTER RIVER NEAR SUFFOLK","PE",46.33206,-63.06547,37.5,53,1967,2019,TRUE,"Continuous","WATER SURVEY OF CANADA (DOE) (CANADA)"
"01DC005","Normal","Maritime Coastal",24,"ANNAPOLIS RIVER AT WILMOT","NS",44.94919,-65.02939,546,57,1963,2019,TRUE,"Continuous","WATER SURVEY OF CANADA (DOE) (CANADA)"
"01DG003","Normal","Maritime Coastal",24,"BEAVERBANK RIVER NEAR KINSAC","NS",44.85111,-63.66389,96.9,99,1921,2019,FALSE,"Continuous","WATER SURVEY OF CANADA (DOE) (CANADA)"
"01DL001","Normal","Maritime Coastal",24,"KELLEY RIVER (MILL CREEK) AT EIGHT MILE FORD","NS",45.58681,-64.45069,63.2,50,1969,2019,FALSE,"Continuous","WATER SURVEY OF CANADA (DOE) (CANADA)"
"01DP004","Normal","Maritime Coastal",24,"MIDDLE RIVER OF PICTOU AT ROCKLIN","NS",45.49739,-62.78019,92.2,55,1965,2019,FALSE,"Continuous","WATER SURVEY OF CANADA (DOE) (CANADA)"
"01DR001","Normal","Maritime Coastal",24,"SOUTH RIVER AT ST. ANDREWS","NS",45.55972,-61.90364,177,72,1917,2019,FALSE,"Continuous","WATER SURVEY OF CANADA (DOE) (CANADA)"
"01EC001","Normal","Maritime Coastal",24,"ROSEWAY RIVER AT LOWER OHIO","NS",43.83736,-65.36911,495,105,1915,2019,FALSE,"Continuous","WATER SURVEY OF CANADA (DOE) (CANADA)"
"01ED005","Normal","Maritime Coastal",24,"MERSEY RIVER BELOW GEORGE LAKE","NS",44.33314,-65.20508,723,47,1968,2019,FALSE,"Continuous","WATER SURVEY OF CANADA (DOE) (CANADA)"
"01EE005","Normal","Maritime Coastal",24,"MOOSE PIT BROOK AT TUPPER LAKE","NS",44.46183,-65.04778,17.7,39,1981,2019,FALSE,"Continuous","WATER SURVEY OF CANADA (DOE) (CANADA)"
"01EF001","Normal","Maritime Coastal",24,"LAHAVE RIVER AT WEST NORTHFIELD","NS",44.44744,-64.59119,1250,105,1915,2019,FALSE,"Continuous","WATER SURVEY OF CANADA (DOE) (CANADA)"
"01EJ001","Normal","Maritime Coastal",24,"SACKVILLE RIVER AT BEDFORD","NS",44.73153,-63.66044,146,51,1916,2019,FALSE,"Continuous","WATER SURVEY OF CANADA (DOE) (CANADA)"
"01EO001","Normal","Maritime Coastal",24,"ST. MARYS RIVER AT STILLWATER","NS",45.17439,-61.97992,1350,105,1915,2019,FALSE,"Continuous","WATER SURVEY OF CANADA (DOE) (CANADA)"
"01FA001","Normal","Maritime Coastal",24,"RIVER INHABITANTS AT GLENORA","NS",45.72025,-61.28611,193,55,1965,2019,FALSE,"Continuous","WATER SURVEY OF CANADA (DOE) (CANADA)"
"01FB001","Normal","Maritime Coastal",24,"NORTHEAST MARGAREE RIVER AT MARGAREE VALLEY","NS",46.36897,-60.97528,368,104,1916,2019,FALSE,"Continuous","WATER SURVEY OF CANADA (DOE) (CANADA)"
"01FB003","Normal","Maritime Coastal",24,"SOUTHWEST MARGAREE RIVER NEAR UPPER MARGAREE","NS",46.22311,-61.13692,357,102,1918,2019,FALSE,"Continuous","WATER SURVEY OF CANADA (DOE) (CANADA)"
"01FC002","Normal","Maritime Coastal",24,"CHETICAMP RIVER ABOVE ROBERT BROOK","NS",46.64158,-60.94611,190,61,1958,2019,TRUE,"Continuous","WATER SURVEY OF CANADA (DOE) (CANADA)"
"01FE002","Normal","Maritime Coastal",24,"INDIAN BROOK AT INDIAN BROOK","NS",46.37172,-60.53369,125,57,1960,2019,TRUE,"Continuous","WATER SURVEY OF CANADA (DOE) (CANADA)"
"01FJ002","Normal","Maritime Coastal",24,"MACASKILLS BROOK NEAR BIRCH GROVE","NS",46.11789,-60.00467,17.2,42,1978,2019,FALSE,"Continuous","WATER SURVEY OF CANADA (DOE) (CANADA)"
"02AB006","High","Great Lakes",19,"KAMINISTIQUIA RIVER AT KAMINISTIQUIA","ON",48.53231,-89.595,6470,94,1926,2019,TRUE,"Continuous","WATER SURVEY OF CANADA (DOE) (CANADA)"
"02AB008","Normal","Great Lakes",19,"NEEBING RIVER NEAR THUNDER BAY","ON",48.38339,-89.30656,187,67,1953,2019,FALSE,"Continuous","WATER SURVEY OF CANADA (DOE) (CANADA)"
"02AB017","Normal","Great Lakes",19,"WHITEFISH RIVER AT NOLALU","ON",48.29211,-89.80986,226,40,1980,2019,FALSE,"Continuous","WATER SURVEY OF CANADA (DOE) (CANADA)"
"02AC001","Normal","Great Lakes",19,"WOLF RIVER AT HIGHWAY NO. 17","ON",48.82169,-88.53461,726,49,1971,2020,FALSE,"Continuous","WATER SURVEY OF CANADA (DOE) (CANADA)"
"02AC002","Normal","Great Lakes",19,"BLACK STURGEON RIVER AT HIGHWAY NO. 17","ON",48.90422,-88.37686,2980,49,1971,2019,FALSE,"Continuous","WATER SURVEY OF CANADA (DOE) (CANADA)"
"02AD010","Normal","Great Lakes",19,"BLACKWATER RIVER AT BEARDMORE","ON",49.59761,-87.96544,652,49,1971,2019,FALSE,"Continuous","WATER SURVEY OF CANADA (DOE) (CANADA)"
"02BA003","Normal","Great Lakes",19,"LITTLE PIC RIVER NEAR COLDWELL","ON",48.84911,-86.60722,1320,49,1972,2020,FALSE,"Continuous","WATER SURVEY OF CANADA (DOE) (CANADA)"
"02BB003","Normal","Great Lakes",19,"PIC RIVER NEAR MARATHON","ON",48.77408,-86.29661,4220,51,1970,2020,FALSE,"Continuous","WATER SURVEY OF CANADA (DOE) (CANADA)"
"02BB004","Normal","Great Lakes",19,"CEDAR CREEK NEAR HEMLO","ON",48.70542,-85.90794,210,37,1984,2020,TRUE,"Continuous","WATER SURVEY OF CANADA (DOE) (CANADA)"
"02BC004","Normal","Great Lakes",19,"WHITE RIVER BELOW WHITE LAKE","ON",48.6548,-85.74153,4160,57,1959,2015,TRUE,"Continuous","WATER SURVEY OF CANADA (DOE) (CANADA)"
"02BD002","High","Great Lakes",19,"MICHIPICOTEN RIVER AT SCOTT FALLS","ON",47.91083,-84.74333,5310,100,1920,2019,TRUE,"Continuous","GREAT LAKES POWER COMPANY LIMITED"
"02BE002","Normal","Great Lakes",19,"MONTREAL RIVER NEAR MONTREAL RIVER HARBOUR","ON",47.21389,-84.61944,2880,85,1935,2019,TRUE,"Continuous","GREAT LAKES POWER COMPANY LIMITED"
"02BF001","Normal","Great Lakes",19,"BATCHAWANA RIVER NEAR BATCHAWANA","ON",47.00353,-84.51556,1230,54,1967,2020,FALSE,"Continuous","WATER SURVEY OF CANADA (DOE) (CANADA)"
"02BF002","Normal","Great Lakes",19,"GOULAIS RIVER NEAR SEARCHMONT","ON",46.86094,-83.97181,1140,54,1967,2020,FALSE,"Continuous","WATER SURVEY OF CANADA (DOE) (CANADA)"
"02BF004","Normal","Great Lakes",19,"BIG CARP RIVER NEAR SAULT STE. MARIE","ON",46.51589,-84.46518,51,42,1979,2020,FALSE,"Continuous","WATER SURVEY OF CANADA (DOE) (CANADA)"
"02CA002","Normal","Great Lakes",19,"ROOT RIVER AT SAULT STE. MARIE","ON",46.56286,-84.28169,109,50,1971,2020,FALSE,"Continuous","WATER SURVEY OF CANADA (DOE) (CANADA)"
"02CC008","Normal","Great Lakes",19,"MISSISSAGI RIVER AT MISSISSAGI CHUTE","ON",46.20136,-83.02539,9260,62,1940,2011,TRUE,"Continuous","WATER SURVEY OF CANADA (DOE) (CANADA)"
"02CD001","Normal","Great Lakes",19,"SERPENT RIVER AT HIGHWAY NO. 17","ON",46.21078,-82.51242,1350,55,1966,2020,TRUE,"Continuous","WATER SURVEY OF CANADA (DOE) (CANADA)"
"02CE002","Normal","Great Lakes",19,"AUX SABLES RIVER AT MASSEY","ON",46.21494,-82.07081,1340,106,1915,2020,TRUE,"Continuous","WATER SURVEY OF CANADA (DOE) (CANADA)"
"02CF007","Normal","Great Lakes",19,"WHITSON RIVER AT CHELMSFORD","ON",46.58336,-81.19911,277,61,1960,2020,FALSE,"Continuous","WATER SURVEY OF CANADA (DOE) (CANADA)"
"02CF010","Normal","Great Lakes",19,"ONAPING RIVER NEAR LEVACK","ON",46.5995,-81.38197,1650,41,1976,2019,TRUE,"Continuous","WATER SURVEY OF CANADA (DOE) (CANADA)"
"02CF012","Normal","Great Lakes",19,"JUNCTION CREEK BELOW KELLEY LAKE","ON",46.42731,-81.09844,199,43,1977,2019,FALSE,"Continuous","WATER SURVEY OF CANADA (DOE) (CANADA)"
"02DB005","Normal","Great Lakes",19,"WANAPITEI RIVER NEAR WANUP","ON",46.34567,-80.83956,3150,69,1952,2020,TRUE,"Continuous","WATER SURVEY OF CANADA (DOE) (CANADA)"
"02DD010","Normal","Great Lakes",19,"FRENCH RIVER AT DRY PINE BAY","ON",46.06858,-80.61164,13900,60,1961,2020,TRUE,"Continuous","WATER SURVEY OF CANADA (DOE) (CANADA)"
"02DD013","Normal","Great Lakes",19,"LA VASE RIVER AT NORTH BAY","ON",46.26344,-79.39511,68.6,46,1974,2019,FALSE,"Continuous","WATER SURVEY OF CANADA (DOE) (CANADA)"
"02DD014","Normal","Great Lakes",19,"CHIPPEWA CREEK AT NORTH BAY","ON",46.31178,-79.44836,35.6,46,1974,2019,FALSE,"Continuous","WATER SURVEY OF CANADA (DOE) (CANADA)"
"02DD015","High","Great Lakes",19,"COMMANDA CREEK NEAR COMMANDA","ON",45.94919,-79.60658,104,47,1974,2020,FALSE,"Continuous","WATER SURVEY OF CANADA (DOE) (CANADA)"
"02EA011","High","Great Lakes",19,"MAGNETAWAN RIVER NEAR BRITT","ON",45.77306,-80.48233,2840,48,1973,2020,TRUE,"Continuous","WATER SURVEY OF CANADA (DOE) (CANADA)"
"02EB011","High","Great Lakes",19,"MOON RIVER AT HIGHWAY NO. 400","ON",45.06506,-79.79014,4790,55,1965,2019,TRUE,"Continuous","WATER SURVEY OF CANADA (DOE) (CANADA)"
"02EB012","Normal","Great Lakes",19,"MUSQUASH RIVER AT HIGHWAY NO. 400","ON",45.02253,-79.77681,NA,55,1965,2019,TRUE,"Continuous","WATER SURVEY OF CANADA (DOE) (CANADA)"
"02EC003","High","Great Lakes",19,"SEVERN RIVER AT SWIFT RAPIDS","ON",44.85694,-79.54167,5850,66,1953,2018,TRUE,"Continuous","ORILLIA LIGHT AND POWER"
"02ED003","Normal","Great Lakes",19,"NOTTAWASAGA RIVER NEAR BAXTER","ON",44.24981,-79.82142,1230,73,1947,2019,FALSE,"Continuous","WATER SURVEY OF CANADA (DOE) (CANADA)"
"02ED007","Normal","Great Lakes",19,"COLDWATER RIVER AT COLDWATER","ON",44.70719,-79.64375,168,55,1965,2019,FALSE,"Continuous","WATER SURVEY OF CANADA (DOE) (CANADA)"
"02ED014","Normal","Great Lakes",19,"PINE RIVER NEAR EVERETT","ON",44.20003,-79.96,190,48,1967,2016,FALSE,"Continuous","WATER SURVEY OF CANADA (DOE) (CANADA)"
"02FA001","Normal","Great Lakes",19,"SAUBLE RIVER AT SAUBLE FALLS","ON",44.67753,-81.25606,913,64,1957,2020,TRUE,"Continuous","WATER SURVEY OF CANADA (DOE) (CANADA)"
"02FA002","Normal","Great Lakes",19,"STOKES RIVER NEAR FERNDALE","ON",45.03697,-81.33636,50.5,45,1976,2020,FALSE,"Continuous","WATER SURVEY OF CANADA (DOE) (CANADA)"
"02FB007","High","Great Lakes",19,"SYDENHAM RIVER NEAR OWEN SOUND","ON",44.52225,-80.93019,183,88,1915,2020,FALSE,"Continuous","WATER SURVEY OF CANADA (DOE) (CANADA)"
"02FB009","High","Great Lakes",19,"BEAVER RIVER NEAR CLARKSBURG","ON",44.51986,-80.46778,587,64,1957,2020,TRUE,"Continuous","WATER SURVEY OF CANADA (DOE) (CANADA)"
"02FB010","Normal","Great Lakes",19,"BIGHEAD RIVER NEAR MEAFORD","ON",44.57017,-80.6485,298,64,1957,2020,FALSE,"Continuous","WATER SURVEY OF CANADA (DOE) (CANADA)"
"02FC001","High","Great Lakes",19,"SAUGEEN RIVER NEAR PORT ELGIN","ON",44.45647,-81.32644,3950,107,1914,2020,TRUE,"Continuous","WATER SURVEY OF CANADA (DOE) (CANADA)"
"02FE003","Normal","Great Lakes",19,"MIDDLE MAITLAND RIVER NEAR LISTOWEL","ON",43.72723,-80.97267,73.4,68,1953,2020,TRUE,"Continuous","WATER SURVEY OF CANADA (DOE) (CANADA)"
"02FE005","Normal","Great Lakes",19,"MAITLAND RIVER ABOVE WINGHAM","ON",43.91508,-81.26439,527,68,1953,2020,TRUE,"Continuous","WATER SURVEY OF CANADA (DOE) (CANADA)"
"02FE007","Normal","Great Lakes",19,"LITTLE MAITLAND RIVER AT BLUEVALE","ON",43.85439,-81.2505,340,51,1967,2020,TRUE,"Continuous","WATER SURVEY OF CANADA (DOE) (CANADA)"
"02FE009","Normal","Great Lakes",19,"SOUTH MAITLAND RIVER AT SUMMERHILL","ON",43.68436,-81.54117,371,54,1967,2020,FALSE,"Continuous","WATER SURVEY OF CANADA (DOE) (CANADA)"
"02FF002","Normal","Great Lakes",19,"AUSABLE RIVER NEAR SPRINGBANK","ON",43.07192,-81.65975,865,76,1945,2020,TRUE,"Continuous","WATER SURVEY OF CANADA (DOE) (CANADA)"
"02FF004","Normal","Great Lakes",19,"SOUTH PARKHILL CREEK NEAR PARKHILL","ON",43.16075,-81.73183,42.7,66,1955,2020,FALSE,"Continuous","WATER SURVEY OF CANADA (DOE) (CANADA)"
"02FF007","Normal","Great Lakes",19,"BAYFIELD RIVER NEAR VARNA","ON",43.55125,-81.58953,460,55,1966,2020,FALSE,"Continuous","WATER SURVEY OF CANADA (DOE) (CANADA)"
"02FF008","High","Great Lakes",19,"PARKHILL CREEK ABOVE PARKHILL RESERVOIR","ON",43.16413,-81.63151,113,48,1973,2020,FALSE,"Continuous","WATER SURVEY OF CANADA (DOE) (CANADA)"
"02GB001","Normal","Great Lakes",19,"GRAND RIVER AT BRANTFORD","ON",43.13272,-80.26731,5200,85,1913,2020,TRUE,"Continuous","WATER SURVEY OF CANADA (DOE) (CANADA)"
"02GB007","Normal","Great Lakes",19,"FAIRCHILD CREEK NEAR BRANTFORD","ON",43.14739,-80.15461,389,52,1964,2015,FALSE,"Continuous","WATER SURVEY OF CANADA (DOE) (CANADA)"
"02GB010","Normal","Great Lakes",19,"MCKENZIE CREEK NEAR CALEDONIA","ON",43.03394,-79.94981,173,60,1961,2020,TRUE,"Continuous","WATER SURVEY OF CANADA (DOE) (CANADA)"
"02GC002","Normal","Great Lakes",19,"KETTLE CREEK AT ST. THOMAS","ON",42.77769,-81.214,331,68,1945,2020,FALSE,"Continuous","WATER SURVEY OF CANADA (DOE) (CANADA)"
"02GC007","Normal","Great Lakes",19,"BIG CREEK NEAR WALSINGHAM","ON",42.68561,-80.53847,567,66,1955,2020,TRUE,"Continuous","WATER SURVEY OF CANADA (DOE) (CANADA)"
"02GC008","Normal","Great Lakes",19,"LYNN RIVER AT SIMCOE","ON",42.82333,-80.28944,144,64,1957,2020,TRUE,"Continuous","WATER SURVEY OF CANADA (DOE) (CANADA)"
"02GC018","Normal","Great Lakes",19,"CATFISH CREEK NEAR SPARTA","ON",42.74608,-81.05694,295,57,1964,2020,FALSE,"Continuous","WATER SURVEY OF CANADA (DOE) (CANADA)"
"02GC022","Normal","Great Lakes",19,"NANTICOKE CREEK AT NANTICOKE","ON",42.80992,-80.07617,177,51,1969,2020,TRUE,"Continuous","WATER SURVEY OF CANADA (DOE) (CANADA)"
"02GC026","Normal","Great Lakes",19,"BIG OTTER CREEK NEAR CALTON","ON",42.71067,-80.84081,665,46,1975,2020,TRUE,"Continuous","WATER SURVEY OF CANADA (DOE) (CANADA)"
"02GE003","Normal","Great Lakes",19,"THAMES RIVER AT THAMESVILLE","ON",42.54486,-81.96727,4370,80,1938,2020,TRUE,"Continuous","WATER SURVEY OF CANADA (DOE) (CANADA)"
"02GG003","Normal","Great Lakes",19,"SYDENHAM RIVER AT FLORENCE","ON",42.65061,-82.00839,1150,37,1984,2020,FALSE,"Continuous","WATER SURVEY OF CANADA (DOE) (CANADA)"
"02GG009","High","Great Lakes",19,"BEAR CREEK BELOW BRIGDEN","ON",42.81203,-82.29842,536,39,1981,2019,FALSE,"Continuous","WATER SURVEY OF CANADA (DOE) (CANADA)"
"02GH002","Normal","Great Lakes",19,"RUSCOM RIVER NEAR RUSCOM STATION","ON",42.2115,-82.62914,125,49,1971,2020,FALSE,"Continuous","WATER SURVEY OF CANADA (DOE) (CANADA)"
"02GH003","Normal","Great Lakes",19,"CANARD RIVER NEAR LUKERVILLE","ON",42.15897,-83.01889,159,45,1976,2020,FALSE,"Continuous","WATER SURVEY OF CANADA (DOE) (CANADA)"
"02GH004","Normal","Great Lakes",19,"TURKEY CREEK AT WINDSOR","ON",42.2605,-83.03983,29.6,30,1982,2011,FALSE,"Continuous","WATER SURVEY OF CANADA (DOE) (CANADA)"
"02HA006","Normal","Great Lakes",19,"TWENTY MILE CREEK AT BALLS FALLS","ON",43.13347,-79.38325,292,63,1957,2019,FALSE,"Continuous","WATER SURVEY OF CANADA (DOE) (CANADA)"
"02HA007","Normal","Great Lakes",19,"WELLAND RIVER BELOW CAISTOR CORNERS","ON",43.02178,-79.61802,223,63,1957,2019,TRUE,"Continuous","WATER SURVEY OF CANADA (DOE) (CANADA)"
"02HB004","Normal","Great Lakes",19,"EAST SIXTEEN MILE CREEK NEAR OMAGH","ON",43.49917,-79.77678,193,65,1956,2020,FALSE,"Continuous","WATER SURVEY OF CANADA (DOE) (CANADA)"
"02HB005","Normal","Great Lakes",19,"SIXTEEN MILE CREEK AT MILTON","ON",43.51389,-79.87972,101,64,1957,2020,TRUE,"Continuous","WATER SURVEY OF CANADA (DOE) (CANADA)"
"02HB007","Normal","Great Lakes",19,"SPENCER CREEK AT DUNDAS","ON",43.26542,-79.96428,158,39,1959,2020,TRUE,"Continuous","WATER SURVEY OF CANADA (DOE) (CANADA)"
"02HB008","Normal","Great Lakes",19,"CREDIT RIVER WEST BRANCH AT NORVAL","ON",43.64656,-79.86628,131,61,1960,2020,TRUE,"Continuous","WATER SURVEY OF CANADA (DOE) (CANADA)"
"02HB012","Normal","Great Lakes",19,"GRINDSTONE CREEK NEAR ALDERSHOT","ON",43.30064,-79.869,77.9,56,1965,2020,FALSE,"Continuous","WATER SURVEY OF CANADA (DOE) (CANADA)"
"02HB018","Normal","Great Lakes",19,"CREDIT RIVER AT BOSTON MILLS","ON",43.77358,-79.92683,415,39,1982,2020,TRUE,"Continuous","WATER SURVEY OF CANADA (DOE) (CANADA)"
"02HC003","Normal","Great Lakes",19,"HUMBER RIVER AT WESTON","ON",43.69894,-79.52039,802,76,1945,2020,TRUE,"Continuous","WATER SURVEY OF CANADA (DOE) (CANADA)"
"02HC018","Normal","Great Lakes",19,"LYNDE CREEK NEAR WHITBY","ON",43.8755,-78.96033,100,59,1959,2019,FALSE,"Continuous","WATER SURVEY OF CANADA (DOE) (CANADA)"
"02HC019","Normal","Great Lakes",19,"DUFFINS CREEK ABOVE PICKERING","ON",43.89128,-79.05928,93.5,58,1960,2019,FALSE,"Continuous","WATER SURVEY OF CANADA (DOE) (CANADA)"
"02HC022","Normal","Great Lakes",19,"ROUGE RIVER NEAR MARKHAM","ON",43.85836,-79.23356,181,58,1961,2019,TRUE,"Continuous","WATER SURVEY OF CANADA (DOE) (CANADA)"
"02HC024","Normal","Great Lakes",19,"DON RIVER AT TODMORDEN","ON",43.68586,-79.3615,319,58,1962,2019,TRUE,"Continuous","WATER SURVEY OF CANADA (DOE) (CANADA)"
"02HC027","Normal","Great Lakes",19,"BLACK CREEK NEAR WESTON","ON",43.67425,-79.50436,58,55,1966,2020,TRUE,"Continuous","WATER SURVEY OF CANADA (DOE) (CANADA)"
"02HC028","Normal","Great Lakes",19,"LITTLE ROUGE CREEK NEAR LOCUST HILL","ON",43.90789,-79.21628,83.6,57,1963,2019,FALSE,"Continuous","WATER SURVEY OF CANADA (DOE) (CANADA)"
"02HC030","Normal","Great Lakes",19,"ETOBICOKE CREEK BELOW QUEEN ELIZABETH HIGHWAY","ON",43.60175,-79.55633,205,55,1966,2020,FALSE,"Continuous","WATER SURVEY OF CANADA (DOE) (CANADA)"
"02HC033","Normal","Great Lakes",19,"MIMICO CREEK AT ISLINGTON","ON",43.64736,-79.51969,67.8,55,1965,2019,FALSE,"Continuous","WATER SURVEY OF CANADA (DOE) (CANADA)"
"02HD008","High","Great Lakes",19,"OSHAWA CREEK AT OSHAWA","ON",43.93031,-78.89153,95.8,61,1959,2019,FALSE,"Continuous","WATER SURVEY OF CANADA (DOE) (CANADA)"
"02HD009","High","Great Lakes",19,"WILMOT CREEK NEAR NEWCASTLE","ON",43.93022,-78.61881,80.7,52,1965,2019,FALSE,"Continuous","WATER SURVEY OF CANADA (DOE) (CANADA)"
"02HD010","Normal","Great Lakes",19,"SHELTER VALLEY BROOK NEAR GRAFTON","ON",43.99188,-78.00122,63.8,55,1965,2019,TRUE,"Continuous","WATER SURVEY OF CANADA (DOE) (CANADA)"
"02HD012","High","Great Lakes",19,"GANARASKA RIVER ABOVE DALE","ON",43.99094,-78.32819,242,44,1976,2019,FALSE,"Continuous","WATER SURVEY OF CANADA (DOE) (CANADA)"
"02HD013","High","Great Lakes",19,"HARMONY CREEK AT OSHAWA","ON",43.88886,-78.82494,42.9,33,1980,2012,FALSE,"Continuous","WATER SURVEY OF CANADA (DOE) (CANADA)"
"02HE002","Normal","Great Lakes",19,"CONSECON CREEK AT ALLISONVILLE","ON",44.02747,-77.36694,119,52,1969,2020,TRUE,"Continuous","WATER SURVEY OF CANADA (DOE) (CANADA)"
"02HF002","High","Great Lakes",19,"GULL RIVER AT NORLAND","ON",44.73183,-78.81806,1280,58,1962,2019,TRUE,"Continuous","WATER SURVEY OF CANADA (DOE) (CANADA)"
"02HF003","Normal","Great Lakes",19,"BURNT RIVER NEAR BURNT RIVER","ON",44.70986,-78.67753,1250,58,1962,2019,TRUE,"Continuous","WATER SURVEY OF CANADA (DOE) (CANADA)"
"02HJ001","High","Great Lakes",19,"JACKSON CREEK AT PETERBOROUGH","ON",44.30278,-78.32139,116,58,1962,2019,FALSE,"Continuous","WATER SURVEY OF CANADA (DOE) (CANADA)"
"02HK003","Normal","Great Lakes",19,"CROWE RIVER AT MARMORA","ON",44.48157,-77.6848,1930,62,1959,2020,TRUE,"Continuous","WATER SURVEY OF CANADA (DOE) (CANADA)"
"02HK007","Normal","Great Lakes",19,"COLD CREEK AT ORLAND","ON",44.13475,-77.78703,161,40,1981,2020,FALSE,"Continuous","WATER SURVEY OF CANADA (DOE) (CANADA)"
"02HL001","Normal","Great Lakes",19,"MOIRA RIVER NEAR FOXBORO","ON",44.25373,-77.41883,2590,106,1915,2020,TRUE,"Continuous","WATER SURVEY OF CANADA (DOE) (CANADA)"
"02HM003","Normal","Great Lakes",19,"SALMON RIVER NEAR SHANNONVILLE","ON",44.20741,-77.20938,907,63,1958,2020,TRUE,"Continuous","WATER SURVEY OF CANADA (DOE) (CANADA)"
"02HM004","Normal","Great Lakes",19,"WILTON CREEK NEAR NAPANEE","ON",44.23943,-76.84922,105,56,1965,2020,FALSE,"Continuous","WATER SURVEY OF CANADA (DOE) (CANADA)"
"02HM005","Normal","Great Lakes",19,"COLLINS CREEK NEAR KINGSTON","ON",44.25656,-76.61256,160,52,1969,2020,FALSE,"Continuous","WATER SURVEY OF CANADA (DOE) (CANADA)"
"02HM006","Normal","Great Lakes",19,"MILLHAVEN CREEK NEAR MILLHAVEN","ON",44.2264,-76.75909,144,53,1968,2020,TRUE,"Continuous","WATER SURVEY OF CANADA (DOE) (CANADA)"
"02HM007","Normal","Great Lakes",19,"NAPANEE RIVER AT CAMDEN EAST","ON",44.33468,-76.83889,700,47,1974,2020,TRUE,"Continuous","WATER SURVEY OF CANADA (DOE) (CANADA)"
"02JB009","Normal","Ottawa",20,"OUTAOUAIS (RIVIERE DES) A LA SORTIE DU LAC GRANET","QC",47.8425,-77.54889,10300,44,1977,2020,TRUE,"Continuous","MINISTERE DE L'ENVIRONNEMENT DU QUEBEC"
"02JB013","Normal","Ottawa",20,"KINOJEVIS (RIVIERE) A 0,3 KM EN AMONT DU PONT-ROUTE A CLÉRICY","QC",48.36667,-78.85333,2590,56,1965,2020,FALSE,"Continuous","MINISTERE DE L'ENVIRONNEMENT DU QUEBEC"
"02KF005","High","Ottawa",20,"OTTAWA RIVER AT BRITANNIA","ON",45.35125,-75.82666,90900,61,1960,2020,TRUE,"Continuous","WATER SURVEY OF CANADA (DOE) (CANADA)"
"02LA004","Normal","Ottawa",20,"RIDEAU RIVER AT OTTAWA","ON",45.3815,-75.69697,3810,88,1933,2020,TRUE,"Continuous","WATER SURVEY OF CANADA (DOE) (CANADA)"
"02LB005","Normal","Ottawa",20,"SOUTH NATION RIVER NEAR PLANTAGENET SPRINGS","ON",45.51706,-74.97822,3807,106,1915,2020,FALSE,"Continuous","WATER SURVEY OF CANADA (DOE) (CANADA)"
"02LC008","Normal","Ottawa",20,"NORD (RIVIERE DU) A 4,8 KM EN AMONT DU PONT DU C.N. A SAINT-JEROME","QC",45.79306,-74.01278,1170,91,1930,2020,TRUE,"Continuous","MINISTERE DE L'ENVIRONNEMENT DU QUEBEC"
"02LC029","High","Ottawa",20,"ROUGE (RIVIERE) EN AMONT DE LA CHUTE MCNEIL","QC",45.73639,-74.68972,5460,57,1964,2020,TRUE,"Continuous","MINISTERE DE L'ENVIRONNEMENT DU QUEBEC"
"02LD005","High","Ottawa",20,"PETITE NATION (RIVIERE DE LA) AU PONT À 1,6 KM EN AMONT DE RIPON","QC",45.79167,-75.09139,1330,53,1968,2020,FALSE,"Continuous","MINISTERE DE L'ENVIRONNEMENT DU QUEBEC"
"02LE013","Normal","Ottawa",20,"MITCHINAMECUS (RIVIERE) À LA TÊTE DE LA CHUTE RASCAS","QC",47.18444,-75.14361,1050,44,1977,2020,TRUE,"Continuous","MINISTERE DE L'ENVIRONNEMENT DU QUEBEC"
"02LG005","Normal","Ottawa",20,"GATINEAU (RIVIERE) AUX RAPIDES CEIZUR","QC",47.08361,-75.75361,6840,47,1974,2020,FALSE,"Continuous","MINISTERE DE L'ENVIRONNEMENT DU QUEBEC"
"02MC001","Normal","St. Lawrence",21,"RAISIN RIVER NEAR WILLIAMSTOWN","ON",45.15547,-74.63814,404,61,1960,2020,FALSE,"Continuous","WATER SURVEY OF CANADA (DOE) (CANADA)"
"02MC026","Normal","St. Lawrence",21,"RIVIERE BEAUDETTE NEAR GLEN NEVIS","ON",45.27328,-74.49386,124,38,1983,2020,FALSE,"Continuous","WATER SURVEY OF CANADA (DOE) (CANADA)"
"02ND003","High","St. Lawrence",21,"VERMILLON (RIVIERE) EN AVAL DE LA RIVIERE DES PRAIRIES","QC",47.67639,-73.04278,2640,39,1982,2020,TRUE,"Continuous","MINISTERE DE L'ENVIRONNEMENT DU QUEBEC"
"02NE011","Normal","St. Lawrence",21,"CROCHE (RIVIERE) À 2,6 KM EN AVAL DU RUISSEAU CHANGY","QC",47.76722,-72.73667,1570,52,1965,2020,FALSE,"Continuous","MINISTERE DE L'ENVIRONNEMENT DU QUEBEC"
"02NF003","High","St. Lawrence",21,"MATAWIN (RIVIERE) A SAINT-MICHEL-DES-SAINTS","QC",46.68583,-73.91417,1390,90,1931,2020,FALSE,"Continuous","MINISTERE DE L'ENVIRONNEMENT DU QUEBEC"
"02OA054","Normal","St. Lawrence",21,"CHATEAUGUAY (RIVIERE) À 2 KM EN AMONT DU PONT-ROUTE 132","QC",45.33194,-73.76194,2490,51,1970,2020,TRUE,"Continuous","MINISTERE DE L'ENVIRONNEMENT DU QUEBEC"
"02OB008","High","St. Lawrence",21,"L'ASSOMPTION (RIVIERE) AU PONT-ROUTE 158 À JOLIETTE","QC",46.01028,-73.4275,1340,51,1970,2020,TRUE,"Continuous","MINISTERE DE L'ENVIRONNEMENT DU QUEBEC"
"02OB017","Normal","St. Lawrence",21,"OUAREAU (RIVIERE) AUX CHUTES DORWIN","QC",46.03,-73.70528,1270,55,1966,2020,TRUE,"Continuous","MINISTERE DE L'ENVIRONNEMENT DU QUEBEC"
"02OB037","Normal","St. Lawrence",21,"ACHIGAN (RIVIERE DE L') A L'EPIPHANIE","QC",45.84639,-73.49306,647,42,1979,2020,FALSE,"Continuous","MINISTERE DE L'ENVIRONNEMENT DU QUEBEC"
"02OC004","High","St. Lawrence",21,"LOUP (RIVIERE DU) À 0,3 KM EN AVAL DU RUISSEAU CARUFEL","QC",46.60056,-73.18639,774,56,1965,2020,TRUE,"Continuous","MINISTERE DE L'ENVIRONNEMENT DU QUEBEC"
"02OD001","Normal","St. Lawrence",21,"NICOLET SUD-OUEST (RIVIERE) PRES D'ASBESTOS","QC",45.79167,-71.96917,549,92,1929,2020,TRUE,"Continuous","MINISTERE DE L'ENVIRONNEMENT DU QUEBEC"
"02OD010","Normal","St. Lawrence",21,"BULSTRODE (RIVIERE) A SAINT-VALERE-1","QC",46.07,-71.97889,342,46,1975,2020,TRUE,"Continuous","MINISTERE DE L'ENVIRONNEMENT DU QUEBEC"
"02OE019","Normal","St. Lawrence",21,"MASSAWAPPI (RIVIERE) À 1,6 KM EN AVAL DU LAC MASSAWIPPI","QC",45.28417,-71.9625,610,69,1952,2020,TRUE,"Continuous","MINISTERE DE L'ENVIRONNEMENT DU QUEBEC"
"02OE022","Normal","St. Lawrence",21,"COATICOOK (RIVIERE) À 1,3 KM EN AVAL DU PONT-ROUTE 143 À WATERVILLE","QC",45.285,-71.89944,521,62,1959,2020,TRUE,"Continuous","MINISTERE DE L'ENVIRONNEMENT DU QUEBEC"
"02OE027","Normal","St. Lawrence",21,"EATON (RIVIERE) PRES DE LA RIVIERE SAINT-FRANCOIS-3","QC",45.46722,-71.65528,642,68,1953,2020,FALSE,"Continuous","MINISTERE DE L'ENVIRONNEMENT DU QUEBEC"
"02OE062","Normal","St. Lawrence",21,"SAINT-FRANCOIS (RIVIERE) À 0,5 KM EN AVAL DE LA CENTRALE WEEDON","QC",45.65861,-71.46861,2930,42,1979,2020,TRUE,"Continuous","MINISTERE DE L'ENVIRONNEMENT DU QUEBEC"
"02OG002","Normal","St. Lawrence",21,"YAMASKA (RIVIERE) À FARNHAM","QC",45.2825,-72.96583,1230,83,1929,2020,TRUE,"Continuous","MINISTERE DE L'ENVIRONNEMENT DU QUEBEC"
"02OG019","Normal","St. Lawrence",21,"NOIRE (RIVIERE) À 7,6 KM DE LA YAMASKA","QC",45.49972,-72.90639,1490,56,1965,2020,TRUE,"Continuous","MINISTERE DE L'ENVIRONNEMENT DU QUEBEC"
"02OG026","Normal","St. Lawrence",21,"DAVID (RIVIERE) AU PONT-ROUTE À SAINT-DAVID","QC",45.95361,-72.85944,316,52,1969,2020,FALSE,"Continuous","MINISTERE DE L'ENVIRONNEMENT DU QUEBEC"
"02OJ007","High","St. Lawrence",21,"RICHELIEU (RIVIERE) AUX RAPIDES FRYERS","QC",45.39847,-73.25844,22000,84,1937,2020,FALSE,"Continuous","WATER SURVEY OF CANADA (DOE) (CANADA)"
"02OJ024","Normal","St. Lawrence",21,"HURONS (RIVIERE DES) EN AVAL DU RUISSEAU SAINT-LOUIS-2","QC",45.49028,-73.18694,309,48,1973,2020,FALSE,"Continuous","MINISTERE DE L'ENVIRONNEMENT DU QUEBEC"
"02OJ026","Normal","St. Lawrence",21,"L'ACADIE (RIVIERE) PRES DE L'AUTOROUTE NO. 10","QC",45.38972,-73.37083,345,42,1979,2020,FALSE,"Continuous","MINISTERE DE L'ENVIRONNEMENT DU QUEBEC"
"02PA007","High","St. Lawrence",21,"BATISCAN (RIVIERE) À 3,4 KM EN AVAL DE LA RIVIÈRE DES ENVIES","QC",46.58361,-72.40472,4480,54,1967,2020,FALSE,"Continuous","MINISTERE DE L'ENVIRONNEMENT DU QUEBEC"
"02PB019","High","St. Lawrence",21,"SAINTE-ANNE (RIVIERE) À 1,3 KM EN AVAL DU BARRAGE À CHUTE-PANET","QC",46.85278,-71.8775,1550,56,1965,2020,TRUE,"Continuous","MINISTERE DE L'ENVIRONNEMENT DU QUEBEC"
"02PC002","Normal","St. Lawrence",21,"JACQUES-CARTIER (RIVIERE) EN AVAL DU PONT DU CHEMIN GOSFORD","QC",46.88972,-71.52722,2010,92,1923,2020,TRUE,"Continuous","MINISTERE DE L'ENVIRONNEMENT DU QUEBEC"
"02PC010","Normal","St. Lawrence",21,"ONTARITZI (RIVIÈRE) À 0,2 KM EN AVAL DU BARRAGE DU LAC SAINT-JOSEPH","QC",46.8675,-71.63944,213,45,1976,2020,TRUE,"Continuous","MINISTERE DE L'ENVIRONNEMENT DU QUEBEC"
"02PD002","Normal","St. Lawrence",21,"MONTMORENCY (RIVIERE) À 0,6 KM EN AVAL DU BARRAGE DES MARCHES NATURELLES","QC",46.89417,-71.15139,1100,73,1924,2020,FALSE,"Continuous","MINISTERE DE L'ENVIRONNEMENT DU QUEBEC"
"02PD010","Normal","St. Lawrence",21,"SAINT-CHARLES (RIVIERE) À 0,8 KM  EN AMONT DE LA RIVIERE LORETTE","QC",46.81417,-71.3175,357,52,1969,2020,TRUE,"Continuous","MINISTERE DE L'ENVIRONNEMENT DU QUEBEC"
"02PE014","Normal","St. Lawrence",21,"DAUPHINE (RIVIERE) À L' ÎLE D'ORLÉANS","QC",46.96667,-70.85639,24.9,51,1970,2020,FALSE,"Continuous","MINISTERE DE L'ENVIRONNEMENT DU QUEBEC"
"02PF001","High","St. Lawrence",21,"MALBAIE (RIVIERE) A CLERMONT","QC",47.69417,-70.21694,1700,54,1967,2020,TRUE,"Continuous","MINISTERE DE L'ENVIRONNEMENT DU QUEBEC"
"02PG003","Normal","St. Lawrence",21,"FOURCHUE (RIVIERE) À 0,2 KM EN AVAL DU BARRAGE MORIN","QC",47.65083,-69.51278,261,75,1943,2020,TRUE,"Continuous","MINISTERE DE L'ENVIRONNEMENT DU QUEBEC"
"02PG006","Normal","St. Lawrence",21,"LOUP (RIVIERE DU) A SAINT-JOSEPH-DE-KAMOURASKA","QC",47.6125,-69.64583,525,43,1978,2020,FALSE,"Continuous","MINISTERE DE L'ENVIRONNEMENT DU QUEBEC"
"02PG022","Normal","St. Lawrence",21,"OUELLE (RIVIERE) PRES DE SAINT-GABRIEL-DE-KAMOURASKA","QC",47.38111,-69.95806,795,39,1982,2020,FALSE,"Continuous","MINISTERE DE L'ENVIRONNEMENT DU QUEBEC"
"02PH010","Normal","St. Lawrence",21,"DU SUD (RIVIÈRE) À 1,0 KM EN AMONT DU PONT-ROUTE À ARTHURVILLE","QC",46.82056,-70.75694,821,55,1966,2020,TRUE,"Continuous","MINISTERE DE L'ENVIRONNEMENT DU QUEBEC"
"02PH011","Normal","St. Lawrence",21,"ETCHEMIN (RIVIERE) AU PONT-ROUTE 173 À SAINT-HENRI-DE-LÉVIS","QC",46.69111,-71.06889,1160,41,1980,2020,TRUE,"Continuous","MINISTERE DE L'ENVIRONNEMENT DU QUEBEC"
"02PJ030","Normal","St. Lawrence",21,"FAMINE (RIVIERE) A SAINT-GEORGES","QC",46.16417,-70.63972,691,57,1964,2020,FALSE,"Continuous","MINISTERE DE L'ENVIRONNEMENT DU QUEBEC"
"02PL005","Normal","St. Lawrence",21,"BECANCOUR (RIVIERE) À 2,1 KM EN AMONT DE LA RIVIÈRE PALMER","QC",46.30611,-71.45139,919,55,1966,2020,FALSE,"Continuous","MINISTERE DE L'ENVIRONNEMENT DU QUEBEC"
"02QA002","Normal","North Shore - Gaspe",22,"RIMOUSKI (RIVIERE) À 3,7 KM EN AMONT DU PONT-ROUTE 132","QC",48.41333,-68.55611,1610,52,1962,2013,FALSE,"Continuous","MINISTERE DE L'ENVIRONNEMENT DU QUEBEC"
"02QB001","Normal","North Shore - Gaspe",22,"MATANE (RIVIERE) À 8,5 KM EN AMONT DU PONT-ROUTE 132 À MATANE","QC",48.77472,-67.54194,1650,95,1926,2020,TRUE,"Continuous","MINISTERE DE L'ENVIRONNEMENT DU QUEBEC"
"02QB005","Normal","North Shore - Gaspe",22,"BLANCHE (RIVIERE) À 3,5 KM EN AMONT DU PONT-ROUTE 132","QC",48.76667,-67.66611,208,54,1967,2020,TRUE,"Continuous","MINISTERE DE L'ENVIRONNEMENT DU QUEBEC"
"02RC011","Normal","North Shore - Gaspe",22,"PERIBONCA (PETITE RIVIERE)","QC",48.81417,-72.04778,1090,47,1974,2020,FALSE,"Continuous","MINISTERE DE L'ENVIRONNEMENT DU QUEBEC"
"02RD003","High","North Shore - Gaspe",22,"MISTASSINI (RIVIERE) EN AMONT DE LA RIVIERE MISTASSIBI","QC",48.88778,-72.26361,9870,66,1953,2020,FALSE,"Continuous","MINISTERE DE L'ENVIRONNEMENT DU QUEBEC"
"02RF001","Normal","North Shore - Gaspe",22,"ASHUAPMUSHUAN (RIVIERE) À LA TÊTE DE LA CHUTE AUX SAUMONS","QC",48.68639,-72.48806,15300,68,1953,2020,FALSE,"Continuous","MINISTERE DE L'ENVIRONNEMENT DU QUEBEC"
"02RG005","Normal","North Shore - Gaspe",22,"METABETCHOUANE (RIVIERE) EN AMONT DE LA CENTRALE S.R.P.C.","QC",48.375,-71.99361,2280,52,1964,2020,FALSE,"Continuous","MINISTERE DE L'ENVIRONNEMENT DU QUEBEC"
"02RG008","Normal","North Shore - Gaspe",22,"OUIATCHOUANE (RIVIERE) EN AVAL DU BARRAGE DE LAC DES COMMISSAIRES","QC",48.20611,-72.23889,562,54,1966,2019,TRUE,"Continuous","MINISTERE DE L'ENVIRONNEMENT DU QUEBEC"
"02RH015","High","North Shore - Gaspe",22,"CHICOUTIMI (RIVIERE) EN AVAL DU BARRAGE PORTAGE DES ROCHES","QC",48.30417,-71.19444,3390,111,1910,2020,TRUE,"Continuous","MINISTERE DE L'ENVIRONNEMENT DU QUEBEC"
"02RH045","Normal","North Shore - Gaspe",22,"VALIN (RIVIERE) À 3,5 KM DE L'EMBOUCHURE","QC",48.48889,-70.97417,746,47,1974,2020,FALSE,"Continuous","MINISTERE DE L'ENVIRONNEMENT DU QUEBEC"
"02UA003","Normal","North Shore - Gaspe",22,"GODBOUT (RIVIERE) À 1,6 KM EN AMONT DU PONT-ROUTE 138","QC",49.33056,-67.65583,1570,47,1974,2020,FALSE,"Continuous","MINISTERE DE L'ENVIRONNEMENT DU QUEBEC"
"02UC002","Normal","North Shore - Gaspe",22,"MOISIE (RIVIERE) À 5,1 KM EN AMONT DU PONT DU Q.N.S.L.R.","QC",50.35028,-66.19028,19000,56,1965,2020,FALSE,"Continuous","MINISTERE DE L'ENVIRONNEMENT DU QUEBEC"
"02VC001","Normal","North Shore - Gaspe",22,"ROMAINE (RIVIERE) AU PONT DE LA Q.I.T.","QC",50.30778,-63.6225,13000,59,1956,2014,FALSE,"Continuous","MINISTERE DE L'ENVIRONNEMENT DU QUEBEC"
"02WB003","Normal","North Shore - Gaspe",22,"NATASHQUAN (RIVIERE) À 0,6 KM EN AVAL DE LA DÉCHARGE DU LAC ALIESTE","QC",50.42722,-61.71361,15600,41,1980,2020,FALSE,"Continuous","MINISTERE DE L'ENVIRONNEMENT DU QUEBEC"
"02XA003","Normal","North Shore - Gaspe",22,"LITTLE MECATINA RIVER ABOVE LAC FOURMONT","NL",52.22981,-61.31694,4540,43,1978,2020,FALSE,"Continuous","WATER SURVEY OF CANADA (DOE) (CANADA)"
"02XC001","Normal","North Shore - Gaspe",22,"SAINT-PAUL (RIVIERE) À 0,5 KM DU RUISSEAU CHANION","QC",51.7725,-57.6,6630,54,1967,2020,FALSE,"Continuous","MINISTERE DE L'ENVIRONNEMENT DU QUEBEC"
"02YA002","Normal","Newfoundland - Labrador",25,"BARTLETTS RIVER NEAR ST. ANTHONY","NL",51.44922,-55.64125,33.6,35,1986,2020,FALSE,"Continuous","WATER SURVEY OF CANADA (DOE) (CANADA)"
"02YC001","Normal","Newfoundland - Labrador",25,"TORRENT RIVER AT BRISTOL'S POOL","NL",50.60747,-57.15161,624,62,1959,2020,FALSE,"Continuous","WATER SURVEY OF CANADA (DOE) (CANADA)"
"02YD002","Normal","Newfoundland - Labrador",25,"NORTHEAST BROOK NEAR RODDICKTON","NL",50.92442,-56.11169,200,41,1980,2020,FALSE,"Continuous","WATER SURVEY OF CANADA (DOE) (CANADA)"
"02YE001","Normal","Newfoundland - Labrador",25,"GREAVETT BROOK ABOVE PORTLAND CREEK POND","NL",50.16231,-57.57753,95.7,36,1984,2019,FALSE,"Continuous","WATER SURVEY OF CANADA (DOE) (CANADA)"
"02YG001","Normal","Newfoundland - Labrador",25,"MAIN RIVER AT PARADISE POOL","NL",49.81067,-57.15942,627,34,1986,2019,FALSE,"Continuous","WATER SURVEY OF CANADA (DOE) (CANADA)"
"02YJ001","Normal","Newfoundland - Labrador",25,"HARRYS RIVER BELOW HIGHWAY BRIDGE","NL",48.57583,-58.36264,640,52,1968,2019,FALSE,"Continuous","WATER SURVEY OF CANADA (DOE) (CANADA)"
"02YL002","Normal","Newfoundland - Labrador",25,"CORNER BROOK AT WATSONS BROOK POWERHOUSE","NL",48.92389,-57.90306,127,52,1959,2010,TRUE,"Continuous","DEER LAKE POWER COMPANY LTD."
"02YL003","Normal","Newfoundland - Labrador",25,"HUMBER RIVER AT HUMBER VILLAGE BRIDGE","NL",48.98286,-57.76058,7860,38,1982,2019,TRUE,"Continuous","WATER SURVEY OF CANADA (DOE) (CANADA)"
"02YL005","Normal","Newfoundland - Labrador",25,"RATTLER BROOK NEAR MCIVERS","NL",49.05831,-58.10519,17,35,1985,2019,FALSE,"Continuous","WATER SURVEY OF CANADA (DOE) (CANADA)"
"02YM003","Normal","Newfoundland - Labrador",25,"SOUTH WEST BROOK NEAR BAIE VERTE","NL",49.89353,-56.22214,93.2,41,1980,2020,FALSE,"Continuous","WATER SURVEY OF CANADA (DOE) (CANADA)"
"02YO001","Normal","Newfoundland - Labrador",25,"EXPLOITS RIVER AT GRAND FALLS","NL",48.93056,-55.66861,8390,67,1944,2010,TRUE,"Continuous","ABITIBI CONSOLIDATED"
"02YO003","High","Newfoundland - Labrador",25,"RATTLING BROOK AT RATTLING BROOK POWERHOUSE","NL",49.05333,-55.28667,378,49,1962,2010,TRUE,"Continuous","NEWFOUNDLAND LIGHT AND POWER COMPANY LIMITED"
"02YO006","Normal","Newfoundland - Labrador",25,"PETERS RIVER NEAR BOTWOOD","NL",49.10383,-55.39669,177,40,1981,2020,FALSE,"Continuous","WATER SURVEY OF CANADA (DOE) (CANADA)"
"02YO008","Normal","Newfoundland - Labrador",25,"GREAT RATTLING BROOK ABOVE TOTE RIVER CONFLUENCE","NL",48.82667,-55.52869,773,37,1984,2020,FALSE,"Continuous","WATER SURVEY OF CANADA (DOE) (CANADA)"
"02YQ001","Normal","Newfoundland - Labrador",25,"GANDER RIVER AT BIG CHUTE","NL",49.01628,-54.85067,4450,72,1949,2020,FALSE,"Continuous","WATER SURVEY OF CANADA (DOE) (CANADA)"
"02YR001","Normal","Newfoundland - Labrador",25,"MIDDLE BROOK NEAR GAMBO","NL",48.80739,-54.22256,275,62,1959,2020,FALSE,"Continuous","WATER SURVEY OF CANADA (DOE) (CANADA)"
"02YR003","Normal","Newfoundland - Labrador",25,"INDIAN BAY BROOK NEAR NORTHWEST ARM","NL",49.04217,-53.88567,554,40,1981,2020,FALSE,"Continuous","WATER SURVEY OF CANADA (DOE) (CANADA)"
"02YS003","Normal","Newfoundland - Labrador",25,"SOUTHWEST BROOK AT TERRA NOVA NATIONAL PARK","NL",48.60772,-53.97889,36.7,53,1967,2019,FALSE,"Continuous","WATER SURVEY OF CANADA (DOE) (CANADA)"
"02YS005","Normal","Newfoundland - Labrador",25,"TERRA NOVA RIVER AT GLOVERTOWN","NL",48.66275,-54.01525,2000,36,1985,2020,FALSE,"Continuous","WATER SURVEY OF CANADA (DOE) (CANADA)"
"02ZA002","Normal","Newfoundland - Labrador",25,"HIGHLANDS RIVER AT TRANS-CANADA HIGHWAY","NL",48.10839,-58.78358,72,38,1982,2019,FALSE,"Continuous","WATER SURVEY OF CANADA (DOE) (CANADA)"
"02ZB001","Normal","Newfoundland - Labrador",25,"ISLE AUX MORTS RIVER BELOW HIGHWAY BRIDGE","NL",47.61333,-59.00978,205,58,1962,2019,FALSE,"Continuous","WATER SURVEY OF CANADA (DOE) (CANADA)"
"02ZC002","Normal","Newfoundland - Labrador",25,"GRANDY BROOK BELOW TOP POND BROOK","NL",47.85608,-57.73319,230,38,1982,2019,FALSE,"Continuous","WATER SURVEY OF CANADA (DOE) (CANADA)"
"02ZD002","Normal","Newfoundland - Labrador",25,"GREY RIVER NEAR GREY RIVER","NL",47.74331,-56.934,1340,48,1969,2019,FALSE,"Continuous","WATER SURVEY OF CANADA (DOE) (CANADA)"
"02ZE003","Normal","Newfoundland - Labrador",25,"SALMON RIVER AT BAY D'ESPOIR POWERHOUSE","NL",47.98333,-55.85333,5910,44,1967,2010,TRUE,"Continuous","NEWFOUNDLAND AND LABRADOR HYDRO"
"02ZF001","Normal","Newfoundland - Labrador",25,"BAY DU NORD RIVER AT BIG FALLS","NL",47.74683,-55.44022,1170,71,1950,2020,FALSE,"Continuous","WATER SURVEY OF CANADA (DOE) (CANADA)"
"02ZG001","Normal","Newfoundland - Labrador",25,"GARNISH RIVER NEAR GARNISH","NL",47.21642,-55.33,205,63,1958,2020,FALSE,"Continuous","WATER SURVEY OF CANADA (DOE) (CANADA)"
"02ZG003","Normal","Newfoundland - Labrador",25,"SALMONIER RIVER NEAR LAMALINE","NL",46.87781,-55.77619,115,41,1980,2020,FALSE,"Continuous","WATER SURVEY OF CANADA (DOE) (CANADA)"
"02ZG004","Normal","Newfoundland - Labrador",25,"RATTLE BROOK NEAR BOAT HARBOUR","NL",47.45003,-54.85303,42.7,40,1981,2020,FALSE,"Continuous","WATER SURVEY OF CANADA (DOE) (CANADA)"
"02ZH001","Normal","Newfoundland - Labrador",25,"PIPERS HOLE RIVER AT MOTHERS BROOK","NL",47.94667,-54.28433,764,69,1952,2020,FALSE,"Continuous","WATER SURVEY OF CANADA (DOE) (CANADA)"
"02ZH002","Normal","Newfoundland - Labrador",25,"COME BY CHANCE RIVER NEAR GOOBIES","NL",47.91875,-53.94867,43.3,52,1961,2019,FALSE,"Continuous","WATER SURVEY OF CANADA (DOE) (CANADA)"
"02ZJ001","Normal","Newfoundland - Labrador",25,"SOUTHERN BAY RIVER NEAR SOUTHERN BAY","NL",48.38067,-53.67394,67.4,44,1976,2019,FALSE,"Continuous","WATER SURVEY OF CANADA (DOE) (CANADA)"
"02ZJ002","Normal","Newfoundland - Labrador",25,"SALMON COVE RIVER NEAR CHAMPNEYS","NL",48.39592,-53.30161,73.6,37,1983,2019,FALSE,"Continuous","WATER SURVEY OF CANADA (DOE) (CANADA)"
"02ZJ003","Normal","Newfoundland - Labrador",25,"SHOAL HARBOUR RIVER NEAR CLARENVILLE","NL",48.22017,-54.04964,106,34,1986,2019,FALSE,"Continuous","WATER SURVEY OF CANADA (DOE) (CANADA)"
"02ZK001","Normal","Newfoundland - Labrador",25,"ROCKY RIVER NEAR COLINET","NL",47.22711,-53.56861,301,73,1948,2020,FALSE,"Continuous","WATER SURVEY OF CANADA (DOE) (CANADA)"
"02ZK002","Normal","Newfoundland - Labrador",25,"NORTHEAST RIVER NEAR PLACENTIA","NL",47.27397,-53.83872,89.6,41,1979,2019,FALSE,"Continuous","WATER SURVEY OF CANADA (DOE) (CANADA)"
"02ZK003","Normal","Newfoundland - Labrador",25,"LITTLE BARACHOIS RIVER NEAR PLACENTIA","NL",47.18131,-54.03892,37.2,37,1983,2019,FALSE,"Continuous","WATER SURVEY OF CANADA (DOE) (CANADA)"
"02ZK004","Normal","Newfoundland - Labrador",25,"LITTLE SALMONIER RIVER NEAR NORTH HARBOUR","NL",47.12183,-53.73178,104,37,1983,2019,FALSE,"Continuous","WATER SURVEY OF CANADA (DOE) (CANADA)"
"02ZL004","Normal","Newfoundland - Labrador",25,"SHEARSTOWN BROOK AT SHEARSTOWN","NL",47.58306,-53.30808,28.9,37,1983,2019,FALSE,"Continuous","WATER SURVEY OF CANADA (DOE) (CANADA)"
"02ZL005","Normal","Newfoundland - Labrador",25,"BIG BROOK AT LEAD COVE","NL",48.04278,-53.08211,11.2,36,1985,2020,FALSE,"Continuous","WATER SURVEY OF CANADA (DOE) (CANADA)"
"02ZM001","Normal","Newfoundland - Labrador",25,"PETTY HARBOUR RIVER AT SECOND POND","NL",47.4575,-52.72972,134,49,1962,2010,TRUE,"Continuous","NEWFOUNDLAND LIGHT AND POWER COMPANY LIMITED"
"02ZM002","High","Newfoundland - Labrador",25,"PIERRES BROOK AT GULL POND","NL",47.29722,-52.85,117,49,1962,2010,TRUE,"Continuous","NEWFOUNDLAND LIGHT AND POWER COMPANY LIMITED"
"02ZM003","Normal","Newfoundland - Labrador",25,"MOBILE RIVER AT MOBILE FIRST POND","NL",47.24944,-52.88889,112,49,1962,2010,TRUE,"Continuous","NEWFOUNDLAND LIGHT AND POWER COMPANY LIMITED"
"02ZM006","Normal","Newfoundland - Labrador",25,"NORTHEAST POND RIVER AT NORTHEAST POND","NL",47.63464,-52.83656,3.63,67,1953,2019,FALSE,"Continuous","WATER SURVEY OF CANADA (DOE) (CANADA)"
"02ZM008","Normal","Newfoundland - Labrador",25,"WATERFORD RIVER AT KILBRIDE","NL",47.52906,-52.74506,52.7,46,1974,2020,FALSE,"Continuous","WATER SURVEY OF CANADA (DOE) (CANADA)"
"02ZM009","Normal","Newfoundland - Labrador",25,"SEAL COVE BROOK NEAR CAPPAHAYDEN","NL",46.84628,-52.97258,53.6,41,1979,2019,FALSE,"Continuous","WATER SURVEY OF CANADA (DOE) (CANADA)"
"02ZM016","Normal","Newfoundland - Labrador",25,"SOUTH RIVER NEAR HOLYROOD","NL",47.35467,-53.11722,17.3,37,1983,2019,FALSE,"Continuous","WATER SURVEY OF CANADA (DOE) (CANADA)"
"02ZM018","Normal","Newfoundland - Labrador",25,"VIRGINIA RIVER AT PLEASANTVILLE","NL",47.58894,-52.69078,10.7,37,1984,2020,FALSE,"Continuous","WATER SURVEY OF CANADA (DOE) (CANADA)"
"02ZM020","Normal","Newfoundland - Labrador",25,"LEARYS BROOK AT PRINCE PHILIP DRIVE","NL",47.56425,-52.74847,17.8,36,1985,2020,FALSE,"Continuous","WATER SURVEY OF CANADA (DOE) (CANADA)"
"02ZN002","Normal","Newfoundland - Labrador",25,"ST. SHOTTS RIVER NEAR TREPASSEY","NL",46.70989,-53.48558,15.5,35,1985,2019,FALSE,"Continuous","WATER SURVEY OF CANADA (DOE) (CANADA)"
"03AC004","High","Northern Quebec",18,"BELL (RIVIERE) EN AMONT DU LAC MATAGAMI","QC",49.75306,-77.61444,22200,59,1962,2020,FALSE,"Continuous","MINISTERE DE L'ENVIRONNEMENT DU QUEBEC"
"03NF001","Normal","Newfoundland - Labrador",25,"UGJOKTOK RIVER BELOW HARP LAKE","NL",55.23414,-61.30169,7570,42,1979,2020,FALSE,"Continuous","WATER SURVEY OF CANADA (DOE) (CANADA)"
"03OE001","Normal","Newfoundland - Labrador",25,"CHURCHILL RIVER ABOVE UPPER MUSKRAT FALLS","NL",53.24831,-60.78511,92500,66,1948,2016,TRUE,"Continuous","WATER SURVEY OF CANADA (DOE) (CANADA)"
"03PB002","Low","Newfoundland - Labrador",25,"NASKAUPI RIVER BELOW NASKAUPI LAKE","NL",54.13192,-61.42681,4480,34,1978,2012,FALSE,"Continuous","WATER SURVEY OF CANADA (DOE) (CANADA)"
"03QC001","Normal","Newfoundland - Labrador",25,"EAGLE RIVER ABOVE FALLS","NL",53.53428,-57.49386,10900,55,1966,2020,FALSE,"Continuous","WATER SURVEY OF CANADA (DOE) (CANADA)"
"03QC002","Normal","Newfoundland - Labrador",25,"ALEXIS RIVER NEAR PORT HOPE SIMPSON","NL",52.64861,-56.87122,2310,43,1978,2020,FALSE,"Continuous","WATER SURVEY OF CANADA (DOE) (CANADA)"
"04AA004","Normal","Northern Ontario",17,"HAYES RIVER BELOW TROUT FALLS","MB",54.85639,-95.12,9190,47,1974,2020,FALSE,"Continuous","WATER SURVEY OF CANADA (DOE) (CANADA)"
"04DC001","High","Northern Ontario",17,"WINISK RIVER BELOW ASHEWEIG RIVER TRIBUTARY","ON",54.49961,-87.22769,50000,53,1965,2020,FALSE,"Continuous","WATER SURVEY OF CANADA (DOE) (CANADA)"
"04DC002","Normal","Northern Ontario",17,"SHAMATTAWA RIVER AT OUTLET OF SHAMATTAWA LAKE","ON",54.28975,-85.65153,4710,52,1966,2020,FALSE,"Continuous","WATER SURVEY OF CANADA (DOE) (CANADA)"
"04FC001","Normal","Northern Ontario",17,"ATTAWAPISKAT RIVER BELOW MUKETEI RIVER","ON",53.09131,-85.07225,36000,50,1968,2020,FALSE,"Continuous","WATER SURVEY OF CANADA (DOE) (CANADA)"
"04HA001","Normal","Northern Ontario",17,"ALBANY RIVER NEAR HAT ISLAND","ON",51.33056,-83.83333,118000,52,1964,2019,TRUE,"Continuous","WATER SURVEY OF CANADA (DOE) (CANADA)"
"04KA001","Normal","Northern Ontario",17,"KWETABOHIGAN RIVER NEAR THE MOUTH","ON",51.16083,-80.86394,4250,53,1967,2020,FALSE,"Continuous","WATER SURVEY OF CANADA (DOE) (CANADA)"
"04LA002","Normal","Northern Ontario",17,"MATTAGAMI RIVER NEAR TIMMINS","ON",48.40431,-81.44836,5570,48,1969,2020,TRUE,"Continuous","WATER SURVEY OF CANADA (DOE) (CANADA)"
"04LM001","Normal","Northern Ontario",17,"MISSINAIBI RIVER BELOW WABOOSE RIVER","ON",50.58544,-82.091,22900,48,1972,2019,FALSE,"Continuous","WATER SURVEY OF CANADA (DOE) (CANADA)"
"04MF001","Normal","Northern Ontario",17,"NORTH FRENCH RIVER NEAR THE MOUTH","ON",51.07672,-80.76408,6680,54,1966,2019,FALSE,"Continuous","WATER SURVEY OF CANADA (DOE) (CANADA)"
"04NA001","Normal","Northern Quebec",18,"HARRICANA (RIVIERE) 3,1 KM EN AVAL DU PONT-ROUTE 111 A AMOS","QC",48.60056,-78.10944,3680,88,1933,2020,FALSE,"Continuous","MINISTERE DE L'ENVIRONNEMENT DU QUEBEC"
"05AF010","Normal","South Saskatchewan",11,"MANYBERRIES CREEK AT BRODIN'S FARM","AB",49.35833,-110.725,338,97,1911,2011,FALSE,"Seasonal","WATER SURVEY OF CANADA (DOE) (CANADA)"
"05GG001","Normal","North Saskatchewan",10,"NORTH SASKATCHEWAN RIVER AT PRINCE ALBERT","SK",53.20344,-105.77214,131000,110,1910,2019,TRUE,"Continuous","WATER SURVEY OF CANADA (DOE) (CANADA)"
"05GG010","Normal","North Saskatchewan",10,"GARDEN RIVER NEAR HENRIBOURG","SK",53.39389,-105.61083,903,53,1966,2018,FALSE,"Seasonal","WATER SECURITY AGENCY"
"05HG001","Normal","South Saskatchewan",11,"SOUTH SASKATCHEWAN RIVER AT SASKATOON","SK",52.14067,-106.64431,141000,109,1911,2019,TRUE,"Continuous","WATER SURVEY OF CANADA (DOE) (CANADA)"
"05HH002","Normal","South Saskatchewan",11,"CROMARTY CREEK NEAR BIRCH HILLS","SK",52.95889,-105.47111,71.7,55,1963,2018,FALSE,"Seasonal","WATER SECURITY AGENCY"
"05HH003","Normal","South Saskatchewan",11,"KOHLESCHMIDT CREEK NEAR ROSTHERN","SK",52.74722,-106.36806,360,55,1964,2018,FALSE,"Seasonal","WATER SECURITY AGENCY"
"05JA002","Normal","Assiniboine - Red",12,"WOOD RIVER NEAR LAFLECHE","SK",49.66861,-106.69416,4730,76,1944,2019,TRUE,"Seasonal","WATER SURVEY OF CANADA (DOE) (CANADA)"
"05JB001","Normal","Assiniboine - Red",12,"NOTUKEU CREEK NEAR VANGUARD","SK",49.91747,-107.18633,3540,87,1914,2019,TRUE,"Seasonal","WATER SURVEY OF CANADA (DOE) (CANADA)"
"05JC004","Normal","Assiniboine - Red",12,"RUSHLAKE CREEK ABOVE HIGHFIELD RESERVOIR","SK",50.25297,-107.46981,325,55,1965,2019,FALSE,"Seasonal","WATER SURVEY OF CANADA (DOE) (CANADA)"
"05JC006","Normal","Assiniboine - Red",12,"WIWA CREEK NEAR ST. BOSWELLS","SK",50.06806,-106.755,1360,46,1971,2017,TRUE,"Seasonal","WATER SECURITY AGENCY"
"05MJ001","Normal","Assiniboine - Red",12,"ASSINIBOINE RIVER AT HEADINGLEY","MB",49.86828,-97.40528,162000,108,1913,2020,TRUE,"Continuous","WATER SURVEY OF CANADA (DOE) (CANADA)"
"05OC012","Normal","Assiniboine - Red",12,"RED RIVER NEAR STE. AGATHE","MB",49.56581,-97.17853,115000,62,1958,2019,TRUE,"Continuous","WATER SURVEY OF CANADA (DOE) (CANADA)"
"05OE001","Normal","Assiniboine - Red",12,"RAT RIVER NEAR OTTERBURNE","MB",49.46192,-97.00922,1420,102,1912,2019,TRUE,"Seasonal","WATER SURVEY OF CANADA (DOE) (CANADA)"
"05OJ008","High","Assiniboine - Red",12,"NETLEY CREEK NEAR PETERSFIELD","MB",50.32722,-97.04417,641,60,1960,2019,FALSE,"Seasonal","WATER SURVEY OF CANADA (DOE) (CANADA)"
"05OJ016","Normal","Assiniboine - Red",12,"DEVILS CREEK NEAR LIBAU","MB",50.19505,-96.71383,240,48,1971,2018,FALSE,"Seasonal","WATER SURVEY OF CANADA (DOE) (CANADA)"
"05PF063","Normal","Winnipeg",13,"WINNIPEG RIVER AT SLAVE FALLS","MB",50.225,-95.57083,126000,112,1907,2020,TRUE,"Continuous","MANITOBA HYDRO"
"05PG001","Normal","Winnipeg",13,"WHITESHELL RIVER AT OUTLET OF JESSICA LAKE","MB",50.03492,-95.50667,888,60,1960,2019,TRUE,"Continuous","WATER SURVEY OF CANADA (DOE) (CANADA)"
"05PH003","Normal","Winnipeg",13,"WHITEMOUTH RIVER NEAR WHITEMOUTH","MB",49.93878,-95.95683,3750,78,1942,2019,FALSE,"Continuous","WATER SURVEY OF CANADA (DOE) (CANADA)"
"05TD001","Normal","Lower Saskatchewan - Nelson",14,"GRASS RIVER ABOVE STANDING STONE FALLS","MB",55.74062,-97.00517,15400,76,1915,2020,FALSE,"Continuous","WATER SURVEY OF CANADA (DOE) (CANADA)"
"05TG001","Normal","Lower Saskatchewan - Nelson",14,"BURNTWOOD RIVER NEAR THOMPSON","MB",55.74217,-97.89567,18500,65,1956,2020,TRUE,"Continuous","WATER SURVEY OF CANADA (DOE) (CANADA)"
"05TG003","Normal","Lower Saskatchewan - Nelson",14,"ODEI RIVER NEAR THOMPSON","MB",55.99526,-97.35762,6110,41,1979,2019,FALSE,"Continuous","WATER SURVEY OF CANADA (DOE) (CANADA)"
"05UE005","High","Lower Saskatchewan - Nelson",14,"NELSON RIVER AT KELSEY GENERATING STATION","MB",56.03889,-96.525,1050000,61,1960,2020,TRUE,"Continuous","MANITOBA HYDRO"
"05UF004","Normal","Lower Saskatchewan - Nelson",14,"KETTLE RIVER NEAR GILLAM","MB",56.34156,-94.69665,1090,57,1963,2019,FALSE,"Continuous","WATER SURVEY OF CANADA (DOE) (CANADA)"
"05UG001","Normal","Lower Saskatchewan - Nelson",14,"LIMESTONE RIVER NEAR BIRD","MB",56.51258,-94.21617,3270,57,1963,2020,FALSE,"Continuous","WATER SURVEY OF CANADA (DOE) (CANADA)"
"05UH001","High","Lower Saskatchewan - Nelson",14,"ANGLING RIVER NEAR BIRD","MB",56.67694,-93.64111,1560,42,1979,2020,FALSE,"Continuous","WATER SURVEY OF CANADA (DOE) (CANADA)"
"05UH002","Normal","Lower Saskatchewan - Nelson",14,"WEIR RIVER ABOVE THE MOUTH","MB",57.02306,-93.45306,2190,43,1977,2019,FALSE,"Continuous","WATER SURVEY OF CANADA (DOE) (CANADA)"
"06FD001","Normal","Churchill",15,"CHURCHILL RIVER ABOVE RED HEAD RAPIDS","MB",58.11862,-94.62245,289000,50,1971,2020,TRUE,"Continuous","WATER SURVEY OF CANADA (DOE) (CANADA)"
"06FD002","Normal","Churchill",15,"DEER RIVER NORTH OF BELCHER","MB",58.01353,-94.19806,1890,42,1978,2019,FALSE,"Continuous","WATER SURVEY OF CANADA (DOE) (CANADA)"
"06HB002","Normal","Keewatin - Southern Baffin",16,"THLEWIAZA RIVER ABOVE OUTLET SEALHOLE LAKE","NU",60.78653,-98.77694,27000,39,1978,2017,FALSE,"Continuous","WATER SURVEY OF CANADA (DOE) (CANADA)"
"06JC002","Normal","Keewatin - Southern Baffin",16,"THELON RIVER ABOVE BEVERLY LAKE","NU",64.53039,-101.36233,65600,49,1970,2018,FALSE,"Continuous","WATER SURVEY OF CANADA (DOE) (CANADA)"
"06LC001","Normal","Keewatin - Southern Baffin",16,"KAZAN RIVER ABOVE KAZAN FALLS","NU",63.65258,-95.85211,70000,53,1965,2018,FALSE,"Continuous","WATER SURVEY OF CANADA (DOE) (CANADA)"
"07DA001","Normal","Peace - Athabasca",6,"ATHABASCA RIVER BELOW FORT MCMURRAY","AB",56.78035,-111.40219,133000,64,1957,2020,FALSE,"Continuous","WATER SURVEY OF CANADA (DOE) (CANADA)"
"07DA006","Normal","Peace - Athabasca",6,"STEEPBANK RIVER NEAR FORT MCMURRAY","AB",56.99934,-111.407,1320,49,1972,2020,FALSE,"Seasonal","WATER SURVEY OF CANADA (DOE) (CANADA)"
"07DA008","Normal","Peace - Athabasca",6,"MUSKEG RIVER NEAR FORT MACKAY","AB",57.19128,-111.57,1460,47,1974,2020,FALSE,"Seasonal","WATER SURVEY OF CANADA (DOE) (CANADA)"
"07DA018","Normal","Peace - Athabasca",6,"BEAVER RIVER ABOVE SYNCRUDE","AB",56.94532,-111.5662,165,46,1975,2020,FALSE,"Seasonal","WATER SURVEY OF CANADA (DOE) (CANADA)"
"07DB001","Normal","Peace - Athabasca",6,"MACKAY RIVER NEAR FORT MACKAY","AB",57.21042,-111.695,5570,49,1972,2020,FALSE,"Seasonal","WATER SURVEY OF CANADA (DOE) (CANADA)"
"07DC001","Normal","Peace - Athabasca",6,"FIREBAG RIVER NEAR THE MOUTH","AB",57.65113,-111.2025,6390,50,1971,2020,FALSE,"Seasonal","WATER SURVEY OF CANADA (DOE) (CANADA)"
"07DD002","Normal","Peace - Athabasca",6,"RICHARDSON RIVER NEAR THE MOUTH","AB",58.36043,-111.2405,2730,51,1970,2020,FALSE,"Seasonal","WATER SURVEY OF CANADA (DOE) (CANADA)"
"07KC001","Normal","Peace - Athabasca",6,"PEACE RIVER AT PEACE POINT (ALBERTA)","AB",59.11806,-112.43694,293000,61,1959,2019,TRUE,"Continuous","WATER SURVEY OF CANADA (DOE) (CANADA)"
"07KE001","Normal","Peace - Athabasca",6,"BIRCH RIVER BELOW ALICE CREEK","AB",58.32492,-113.06511,9860,54,1967,2020,FALSE,"Seasonal","WATER SURVEY OF CANADA (DOE) (CANADA)"
"08AB001","Normal","Pacific coastal",1,"ALSEK RIVER ABOVE BATES RIVER","YT",60.11831,-137.97775,16200,45,1974,2018,FALSE,"Continuous","WATER SURVEY OF CANADA (DOE) (CANADA)"
"08AC001","Normal","Pacific coastal",1,"TAKHANNE RIVER AT KM 167 HAINES HIGHWAY","YT",60.11344,-136.92764,375,35,1984,2018,FALSE,"Continuous","WATER SURVEY OF CANADA (DOE) (CANADA)"
"08CF003","Normal","Pacific coastal",1,"STIKINE RIVER NEAR WRANGELL","AK",56.70806,-132.13028,50900,35,1984,2018,FALSE,"Continuous","UNITED STATES GEOLOGICAL SURVEY"
"08DB001","Normal","Pacific coastal",1,"NASS RIVER ABOVE SHUMAL CREEK","BC",55.26225,-129.08504,18400,85,1929,2019,FALSE,"Continuous","WATER SURVEY OF CANADA (DOE) (CANADA)"
"08EF001","Normal","Pacific coastal",1,"SKEENA RIVER AT USK","BC",54.63194,-128.43056,42300,89,1928,2020,FALSE,"Continuous","WATER SURVEY OF CANADA (DOE) (CANADA)"
"08EF005","Normal","Pacific coastal",1,"ZYMOETZ RIVER ABOVE O.K. CREEK","BC",54.49363,-128.32466,2850,57,1963,2019,FALSE,"Continuous","WATER SURVEY OF CANADA (DOE) (CANADA)"
"08EG012","Normal","Pacific coastal",1,"EXCHAMSIKS RIVER NEAR TERRACE","BC",54.36219,-129.31284,370,59,1962,2020,FALSE,"Continuous","WATER SURVEY OF CANADA (DOE) (CANADA)"
"08EG016","High","Pacific coastal",1,"KLOIYA RIVER NEAR PRINCE RUPERT","BC",54.24705,-130.17297,104,56,1964,2019,TRUE,"Continuous","WATER SURVEY OF CANADA (DOE) (CANADA)"
"08FA002","Normal","Pacific coastal",1,"WANNOCK RIVER AT OUTLET OF OWIKENO LAKE","BC",51.67917,-127.17917,3900,66,1927,2018,FALSE,"Continuous","WATER SURVEY OF CANADA (DOE) (CANADA)"
"08FB004","Normal","Pacific coastal",1,"SALLOOMT RIVER NEAR HAGENSBORG","BC",52.42456,-126.52108,159,55,1965,2019,FALSE,"Continuous","WATER SURVEY OF CANADA (DOE) (CANADA)"
"08FB007","Normal","Pacific coastal",1,"BELLA COOLA RIVER ABOVE BURNT BRIDGE CREEK","BC",52.42222,-126.15806,3720,46,1965,2010,FALSE,"Continuous","WATER SURVEY OF CANADA (DOE) (CANADA)"
"08FC003","High","Pacific coastal",1,"DEAN RIVER BELOW TANSWANKET CREEK","BC",52.88947,-125.77117,3720,56,1959,2018,FALSE,"Continuous","WATER SURVEY OF CANADA (DOE) (CANADA)"
"08FE002","High","Pacific coastal",1,"KEMANO POWERHOUSE","BC",53.56111,-127.93611,NA,65,1954,2018,TRUE,"Continuous","ALCAN SMELTERS AND CHEMICALS LTD."
"08FE003","Normal","Pacific coastal",1,"KEMANO RIVER ABOVE POWERHOUSE TAILRACE","BC",53.56355,-127.95236,556,49,1971,2019,FALSE,"Continuous","WATER SURVEY OF CANADA (DOE) (CANADA)"
"08FF001","Normal","Pacific coastal",1,"KITIMAT RIVER BELOW HIRSCH CREEK","BC",54.04872,-128.69051,1990,56,1964,2019,FALSE,"Continuous","WATER SURVEY OF CANADA (DOE) (CANADA)"
"08GA010","Normal","Pacific coastal",1,"CAPILANO RIVER ABOVE INTAKE","BC",49.39624,-123.14584,173,105,1914,2020,TRUE,"Continuous","WATER SURVEY OF CANADA (DOE) (CANADA)"
"08GA022","Normal","Pacific coastal",1,"SQUAMISH RIVER NEAR BRACKENDALE","BC",49.79502,-123.20316,2350,68,1922,2018,TRUE,"Continuous","WATER SURVEY OF CANADA (DOE) (CANADA)"
"08GA030","Normal","Pacific coastal",1,"SEYMOUR RIVER NEAR NORTH VANCOUVER","BC",49.34198,-123.00212,179,90,1928,2018,TRUE,"Continuous","WATER SURVEY OF CANADA (DOE) (CANADA)"
"08GA043","Normal","Pacific coastal",1,"CHEAKAMUS RIVER NEAR BRACKENDALE","BC",49.81603,-123.15008,965,64,1957,2020,TRUE,"Continuous","WATER SURVEY OF CANADA (DOE) (CANADA)"
"08GA047","Normal","Pacific coastal",1,"ROBERTS CREEK AT ROBERTS CREEK","BC",49.42083,-123.64022,32.6,61,1959,2019,TRUE,"Continuous","WATER SURVEY OF CANADA (DOE) (CANADA)"
"08GA061","Normal","Pacific coastal",1,"MACKAY CREEK AT MONTROYAL BOULEVARD","BC",49.35616,-123.09986,3.63,47,1970,2017,FALSE,"Continuous","WATER SURVEY OF CANADA (DOE) (CANADA)"
"08GD004","Normal","Pacific coastal",1,"HOMATHKO RIVER AT THE MOUTH","BC",50.98636,-124.91864,5680,64,1957,2020,FALSE,"Continuous","WATER SURVEY OF CANADA (DOE) (CANADA)"
"08GE002","Normal","Pacific coastal",1,"KLINAKLINI RIVER EAST CHANNEL (MAIN) NEAR THE MOUTH","BC",51.14478,-125.59436,5780,43,1977,2019,FALSE,"Continuous","WATER SURVEY OF CANADA (DOE) (CANADA)"
"08HA001","Normal","Pacific coastal",1,"CHEMAINUS RIVER NEAR WESTHOLME","BC",48.87836,-123.70464,355,72,1914,2019,FALSE,"Continuous","WATER SURVEY OF CANADA (DOE) (CANADA)"
"08HA003","Normal","Pacific coastal",1,"KOKSILAH RIVER AT COWICHAN STATION","BC",48.72783,-123.67081,209,70,1914,2019,FALSE,"Continuous","WATER SURVEY OF CANADA (DOE) (CANADA)"
"08HA010","Normal","Pacific coastal",1,"SAN JUAN RIVER NEAR PORT RENFREW","BC",48.57623,-124.31138,578,59,1959,2019,FALSE,"Continuous","WATER SURVEY OF CANADA (DOE) (CANADA)"
"08HA011","Normal","Pacific coastal",1,"COWICHAN RIVER NEAR DUNCAN","BC",48.77308,-123.71447,826,60,1960,2019,TRUE,"Continuous","WATER SURVEY OF CANADA (DOE) (CANADA)"
"08HA016","Normal","Pacific coastal",1,"BINGS CREEK NEAR THE MOUTH","BC",48.78922,-123.72547,15.5,60,1961,2020,FALSE,"Continuous","WATER SURVEY OF CANADA (DOE) (CANADA)"
"08HB002","Normal","Pacific coastal",1,"ENGLISHMAN RIVER NEAR PARKSVILLE","BC",49.31611,-124.28527,319,48,1913,2019,TRUE,"Continuous","WATER SURVEY OF CANADA (DOE) (CANADA)"
"08HB006","Normal","Pacific coastal",1,"PUNTLEDGE RIVER AT COURTENAY","BC",49.68803,-125.03419,583,66,1914,2019,TRUE,"Continuous","WATER SURVEY OF CANADA (DOE) (CANADA)"
"08HB008","Normal","Pacific coastal",1,"SPROAT RIVER NEAR ALBERNI","BC",49.28972,-124.91028,351,97,1913,2017,TRUE,"Continuous","WATER SURVEY OF CANADA (DOE) (CANADA)"
"08HB011","Normal","Pacific coastal",1,"TSOLUM RIVER NEAR COURTENAY","BC",49.70586,-125.01147,251,63,1914,2019,TRUE,"Continuous","WATER SURVEY OF CANADA (DOE) (CANADA)"
"08HB014","Normal","Pacific coastal",1,"SARITA RIVER NEAR BAMFIELD","BC",48.8925,-124.96944,162,69,1948,2018,FALSE,"Continuous","WATER SURVEY OF CANADA (DOE) (CANADA)"
"08HB022","Normal","Pacific coastal",1,"NILE CREEK NEAR BOWSER","BC",49.41853,-124.65239,15,61,1959,2019,TRUE,"Continuous","WATER SURVEY OF CANADA (DOE) (CANADA)"
"08HB034","Normal","Pacific coastal",1,"NANAIMO RIVER NEAR CASSIDY","BC",49.06861,-123.88694,676,55,1965,2019,TRUE,"Continuous","WATER SURVEY OF CANADA (DOE) (CANADA)"
"08HB048","Normal","Pacific coastal",1,"CARNATION CREEK AT THE MOUTH","BC",48.91556,-124.99778,10.3,48,1972,2019,FALSE,"Continuous","WATER SURVEY OF CANADA (DOE) (CANADA)"
"08HC001","Normal","Pacific coastal",1,"GOLD RIVER BELOW UCONA RIVER","BC",49.70231,-126.11141,992,64,1956,2019,TRUE,"Continuous","WATER SURVEY OF CANADA (DOE) (CANADA)"
"08HD005","Normal","Pacific coastal",1,"QUINSAM RIVER NEAR CAMPBELL RIVER","BC",50.02921,-125.3,278,65,1956,2020,TRUE,"Continuous","WATER SURVEY OF CANADA (DOE) (CANADA)"
"08HD006","Normal","Pacific coastal",1,"SALMON RIVER NEAR SAYWARD","BC",50.31247,-125.9075,1210,64,1956,2019,TRUE,"Continuous","WATER SURVEY OF CANADA (DOE) (CANADA)"
"08HD011","Normal","Pacific coastal",1,"OYSTER RIVER BELOW WOODHUS CREEK","BC",49.89458,-125.24175,302,47,1973,2019,FALSE,"Continuous","WATER SURVEY OF CANADA (DOE) (CANADA)"
"08HE006","Normal","Pacific coastal",1,"ZEBALLOS RIVER NEAR ZEBALLOS","BC",50.01249,-126.8434,178,61,1959,2019,TRUE,"Continuous","WATER SURVEY OF CANADA (DOE) (CANADA)"
"08HF004","Normal","Pacific coastal",1,"TSITIKA RIVER BELOW CATHERINE CREEK","BC",50.44036,-126.57851,365,44,1974,2017,FALSE,"Continuous","WATER SURVEY OF CANADA (DOE) (CANADA)"
"08MF005","Normal","Fraser - lower mainland",2,"FRASER RIVER AT HOPE","BC",49.38596,-121.45424,217000,108,1912,2019,TRUE,"Continuous","WATER SURVEY OF CANADA (DOE) (CANADA)"
"08MG001","Normal","Fraser - lower mainland",2,"CHEHALIS RIVER NEAR HARRISON MILLS","BC",49.30003,-121.93777,383,48,1911,2018,FALSE,"Continuous","WATER SURVEY OF CANADA (DOE) (CANADA)"
"08MG013","Normal","Fraser - lower mainland",2,"HARRISON RIVER NEAR HARRISON HOT SPRINGS","BC",49.30042,-121.82964,7890,68,1951,2018,FALSE,"Continuous","WATER SURVEY OF CANADA (DOE) (CANADA)"
"08MH001","High","Fraser - lower mainland",2,"CHILLIWACK RIVER AT VEDDER CROSSING","BC",49.09738,-121.96748,1230,90,1911,2019,FALSE,"Continuous","WATER SURVEY OF CANADA (DOE) (CANADA)"
"08MH002","Normal","Fraser - lower mainland",2,"COQUITLAM RIVER AT PORT COQUITLAM","BC",49.26524,-122.7815,238,57,1915,2020,TRUE,"Continuous","WATER SURVEY OF CANADA (DOE) (CANADA)"
"08MH005","High","Fraser - lower mainland",2,"ALOUETTE RIVER NEAR HANEY","BC",49.239,-122.57975,233,58,1911,2019,TRUE,"Continuous","WATER SURVEY OF CANADA (DOE) (CANADA)"
"08MH006","Normal","Fraser - lower mainland",2,"NORTH ALOUETTE RIVER AT 232ND STREET, MAPLE RIDGE","BC",49.24265,-122.58018,37.3,62,1911,2018,FALSE,"Continuous","WATER SURVEY OF CANADA (DOE) (CANADA)"
"08MH029","Normal","Fraser - lower mainland",2,"SUMAS RIVER NEAR HUNTINGDON","BC",49.00249,-122.2323,144,65,1952,2017,FALSE,"Continuous","WATER SURVEY OF CANADA (DOE) (CANADA)"
"08MH076","Normal","Fraser - lower mainland",2,"KANAKA CREEK NEAR WEBSTER CORNERS","BC",49.20709,-122.53661,47.7,59,1960,2018,FALSE,"Continuous","WATER SURVEY OF CANADA (DOE) (CANADA)"
"08MH090","Normal","Fraser - lower mainland",2,"SALMON RIVER AT 72 AVENUE, LANGLEY","BC",49.13354,-122.59643,48.9,56,1960,2018,TRUE,"Continuous","WATER SURVEY OF CANADA (DOE) (CANADA)"
"08MH098","Normal","Fraser - lower mainland",2,"WEST CREEK NEAR FORT LANGLEY","BC",49.14767,-122.53187,11.4,58,1960,2018,TRUE,"Continuous","WATER SURVEY OF CANADA (DOE) (CANADA)"
"08MH147","Normal","Fraser - lower mainland",2,"STAVE RIVER ABOVE STAVE LAKE","BC",49.55619,-122.32307,290,37,1983,2019,FALSE,"Continuous","WATER SURVEY OF CANADA (DOE) (CANADA)"
"08MH152","Normal","Fraser - lower mainland",2,"BERTRAND CREEK AT INTERNATIONAL BOUNDARY","BC",49.00239,-122.5234,46.6,29,1984,2012,TRUE,"Seasonal","WATER SURVEY OF CANADA (DOE) (CANADA)"
"08MH155","Normal","Fraser - lower mainland",2,"NICOMEKL RIVER AT 203 STREET, LANGLEY","BC",49.0957,-122.66009,70,33,1985,2017,FALSE,"Continuous","WATER SURVEY OF CANADA (DOE) (CANADA)"
"08NE039","Normal","Columbia",4,"BIG SHEEP CREEK NEAR ROSSLAND","BC",49.01465,-117.9453,347,73,1929,2019,FALSE,"Continuous","WATER SURVEY OF CANADA (DOE) (CANADA)"
"08NE058","Normal","Columbia",4,"COLUMBIA RIVER AT INTERNATIONAL BOUNDARY","WA",49.00083,-117.62833,156000,81,1938,2018,TRUE,"Continuous","WATER SURVEY OF CANADA (DOE) (CANADA)"
"08NL022","Normal","Okanagan - Similkameen",3,"SIMILKAMEEN RIVER NEAR NIGHTHAWK","WA",48.98472,-119.61722,9190,90,1928,2018,TRUE,"Continuous","WATER SURVEY OF CANADA (DOE) (CANADA)"
"08NM127","Normal","Okanagan - Similkameen",3,"OKANOGAN RIVER AT OROVILLE","WA",48.93083,-119.41917,8210,77,1942,2018,TRUE,"Continuous","WATER SURVEY OF CANADA (DOE) (CANADA)"
"08NN012","Normal","Columbia",4,"KETTLE RIVER NEAR LAURIER","WA",48.98444,-118.21528,9930,90,1929,2018,FALSE,"Continuous","WATER SURVEY OF CANADA (DOE) (CANADA)"
"08OA002","Normal","Pacific coastal",1,"YAKOUN RIVER NEAR PORT CLEMENTS","BC",53.61389,-132.20972,480,56,1962,2018,FALSE,"Continuous","WATER SURVEY OF CANADA (DOE) (CANADA)"
"08OB002","Normal","Pacific coastal",1,"PALLANT CREEK NEAR QUEEN CHARLOTTE","BC",53.0573,-132.05136,76.7,54,1962,2018,FALSE,"Continuous","WATER SURVEY OF CANADA (DOE) (CANADA)"
"09ED001","Normal","Yukon",5,"YUKON RIVER AT EAGLE","AK",64.78944,-141.19778,288000,34,1983,2017,FALSE,"Continuous","WATER SURVEY OF CANADA (DOE) (CANADA)"
"09FC001","Normal","Yukon",5,"OLD CROW RIVER NEAR THE MOUTH","YT",67.63444,-139.6964,13900,41,1976,2018,FALSE,"Continuous","WATER SURVEY OF CANADA (DOE) (CANADA)"
"10LA002","Normal","Lower Mackenzie",7,"ARCTIC RED RIVER NEAR THE MOUTH","NT",66.78744,-133.08965,18750,50,1968,2017,FALSE,"Continuous","WATER SURVEY OF CANADA (DOE) (CANADA)"
"10LC007","Normal","Lower Mackenzie",7,"CARIBOU CREEK ABOVE HIGHWAY NO. 8 (DEMPSTER HIGHWAY)","NT",68.08728,-133.49232,590,43,1975,2017,FALSE,"Continuous","WATER SURVEY OF CANADA (DOE) (CANADA)"
"10LC014","Normal","Lower Mackenzie",7,"MACKENZIE RIVER AT ARCTIC RED RIVER","NT",67.456,-133.75328,1679100,47,1972,2018,TRUE,"Continuous","WATER SURVEY OF CANADA (DOE) (CANADA)"
"10MC002","High","Lower Mackenzie",7,"PEEL RIVER ABOVE FORT MCPHERSON","NT",67.25889,-134.88881,70600,48,1969,2017,FALSE,"Continuous","WATER SURVEY OF CANADA (DOE) (CANADA)"
"10ND002","Normal","Arctic Coast - Islands",8,"TRAIL VALLEY CREEK NEAR INUVIK","NT",68.73619,-133.4931,68.3,39,1977,2016,FALSE,"Continuous","WATER SURVEY OF CANADA (DOE) (CANADA)"
"10PB001","Low","Arctic Coast - Islands",8,"COPPERMINE RIVER AT OUTLET OF POINT LAKE","NT",65.41583,-114.00778,19200,54,1965,2018,FALSE,"Continuous","WATER SURVEY OF CANADA (DOE) (CANADA)"
"10QD001","Normal","Arctic Coast - Islands",8,"ELLICE RIVER NEAR THE MOUTH","NU",67.70833,-104.13917,16900,48,1971,2018,FALSE,"Continuous","WATER SURVEY OF CANADA (DOE) (CANADA)"
"10RC001","Normal","Arctic Coast - Islands",8,"BACK RIVER ABOVE HERMANN RIVER","NU",66.08614,-96.51081,93900,52,1965,2018,FALSE,"Continuous","WATER SURVEY OF CANADA (DOE) (CANADA)"
"11AA026","Normal","Missouri",9,"SAGE CREEK AT Q RANCH NEAR WILDHORSE","AB",49.10772,-110.22367,569,82,1935,2019,FALSE,"Seasonal","WATER SURVEY OF CANADA (DOE) (CANADA)"
"11AA031","Normal","Missouri",9,"MILK RIVER AT EASTERN CROSSING OF INTERNATIONAL BOUNDARY","MT",48.97518,-110.42294,11700,110,1909,2018,TRUE,"Seasonal","WATER SURVEY OF CANADA (DOE) (CANADA)"
"11AB027","Normal","Missouri",9,"BATTLE CREEK AT INTERNATIONAL BOUNDARY","SK",49.00242,-109.42297,2580,104,1916,2019,TRUE,"Seasonal","WATER SURVEY OF CANADA (DOE) (CANADA)"
"11AB075","Normal","Missouri",9,"LYONS CREEK AT INTERNATIONAL BOUNDARY","SK",49.00531,-109.23186,174,93,1927,2019,FALSE,"Seasonal","WATER SURVEY OF CANADA (DOE) (CANADA)"
"11AB083","Normal","Missouri",9,"LODGE CREEK BELOW MCRAE CREEK AT INTERNATIONAL BOUNDARY","SK",49.00564,-109.71853,2140,68,1952,2019,TRUE,"Seasonal","WATER SURVEY OF CANADA (DOE) (CANADA)"
"11AC041","Normal","Missouri",9,"FRENCHMAN RIVER AT INTERNATIONAL BOUNDARY","SK",49.00014,-107.30222,5510,102,1917,2019,TRUE,"Seasonal","WATER SURVEY OF CANADA (DOE) (CANADA)"
"11AE003","Normal","Missouri",9,"EAST POPLAR RIVER AT INTERNATIONAL BOUNDARY","SK",48.99957,-105.40895,1400,90,1931,2020,TRUE,"Continuous","UNITED STATES GEOLOGICAL SURVEY"
"11AE008","Normal","Missouri",9,"POPLAR RIVER AT INTERNATIONAL BOUNDARY","MT",48.99028,-105.69611,928,90,1931,2020,FALSE,"Seasonal","UNITED STATES GEOLOGICAL SURVEY"
"11AE009","Normal","Missouri",9,"ROCK CREEK BELOW HORSE CREEK NEAR INTERNATIONAL BOUNDARY","MT",48.96944,-106.83889,837,76,1916,2020,FALSE,"Continuous","UNITED STATES GEOLOGICAL SURVEY"
